filename,label,
./avocado/Avocado_120.jpg,avocado,0.498352766
./orange/Orange_19.jpg,orange,0.176167689
./pineapple/Pineapple_197.jpg,pineapple,0.901550305
./pineapple/Pineapple_101.jpg,pineapple,0.342720292
./avocado/Avocado_21.jpg,avocado,0.240325345
./banana/Banana_69.jpg,banana,0.506743104
./strawberry/Strawberry_47.jpg,strawberry,0.375540883
./pineapple/Pineapple_41.jpg,pineapple,0.824652593
./apple/Apple Braeburn_226.jpg,apple,0.450936521
./pineapple/Pineapple_230.jpg,pineapple,0.051549234
./strawberry/Strawberry_243.jpg,strawberry,0.574554786
./kiwi/Kiwi_250.jpg,kiwi,0.140186818
./avocado/Avocado_92.jpg,avocado,0.796349457
./pineapple/Pineapple_215.jpg,pineapple,0.935711164
./apple/Apple Braeburn_221.jpg,apple,0.636800438
./strawberry/Strawberry_275.jpg,strawberry,0.529207356
./orange/Orange_91.jpg,orange,0.677956768
./pineapple/Pineapple_24.jpg,pineapple,0.641024524
./orange/Orange_181.jpg,orange,0.051295904
./strawberry/Strawberry_84.jpg,strawberry,0.959223178
./orange/Orange_287.jpg,orange,0.364805458
./banana/Banana_60.jpg,banana,0.520550454
./kiwi/Kiwi_32.jpg,kiwi,0.12882917
./banana/Banana_55.jpg,banana,0.372377379
./banana/Banana_186.jpg,banana,0.843352274
./kiwi/Kiwi_259.jpg,kiwi,0.676704083
./pineapple/Pineapple_65.jpg,pineapple,0.923565047
./avocado/Avocado_158.jpg,avocado,0.998897781
./avocado/Avocado_47.jpg,avocado,0.440019433
./kiwi/Kiwi_136.jpg,kiwi,0.717405336
./avocado/Avocado_242.jpg,avocado,0.606935937
./strawberry/Strawberry_228.jpg,strawberry,0.158972681
./orange/Orange_88.jpg,orange,0.367308103
./kiwi/Kiwi_62.jpg,kiwi,0.483803288
./pineapple/Pineapple_252.jpg,pineapple,0.385011095
./strawberry/Strawberry_106.jpg,strawberry,0.113632294
./kiwi/Kiwi_273.jpg,kiwi,0.116318664
./strawberry/Strawberry_53.jpg,strawberry,0.631321111
./banana/Banana_243.jpg,banana,0.977180361
./kiwi/Kiwi_102.jpg,kiwi,0.257660788
./orange/Orange_178.jpg,orange,0.666692208
./avocado/Avocado_121.jpg,avocado,0.050966655
./avocado/Avocado_257.jpg,avocado,0.545659857
./strawberry/Strawberry_49.jpg,strawberry,0.360361387
./strawberry/Strawberry_127.jpg,strawberry,0.859355311
./apple/Apple Braeburn_49.jpg,apple,0.204421963
./apple/Apple Braeburn_26.jpg,apple,0.339548738
./pineapple/Pineapple_210.jpg,pineapple,0.113660208
./banana/Banana_70.jpg,banana,0.072998435
./apple/Apple Braeburn_188.jpg,apple,0.898927743
./pineapple/Pineapple_132.jpg,pineapple,0.976186422
./orange/Orange_10.jpg,orange,0.232749316
./kiwi/Kiwi_130.jpg,kiwi,0.873968164
./pineapple/Pineapple_87.jpg,pineapple,0.876092136
./avocado/Avocado_274.jpg,avocado,0.386124601
./pineapple/Pineapple_154.jpg,pineapple,0.724012315
./orange/Orange_248.jpg,orange,0.533975531
./strawberry/Strawberry_231.jpg,strawberry,0.643712183
./orange/Orange_144.jpg,orange,0.547216615
./apple/Apple Braeburn_198.jpg,apple,0.406789134
./kiwi/Kiwi_205.jpg,kiwi,0.6982711
./kiwi/Kiwi_125.jpg,kiwi,0.150115419
./orange/Orange_190.jpg,orange,0.037657161
./banana/Banana_81.jpg,banana,0.121552603
./kiwi/Kiwi_174.jpg,kiwi,0.615086042
./avocado/Avocado_63.jpg,avocado,0.977010631
./pineapple/Pineapple_36.jpg,pineapple,0.083001794
./avocado/Avocado_148.jpg,avocado,0.579158266
./kiwi/Kiwi_126.jpg,kiwi,0.131471372
./apple/Apple Braeburn_236.jpg,apple,0.841092724
./avocado/Avocado_149.jpg,avocado,0.386870936
./strawberry/Strawberry_113.jpg,strawberry,0.856542586
./avocado/Avocado_162.jpg,avocado,0.726590505
./kiwi/Kiwi_267.jpg,kiwi,0.851559273
./strawberry/Strawberry_138.jpg,strawberry,0.490116993
./avocado/Avocado_281.jpg,avocado,0.463458082
./banana/Banana_208.jpg,banana,0.326375506
./banana/Banana_152.jpg,banana,0.629126449
./avocado/Avocado_54.jpg,avocado,0.691132767
./pineapple/Pineapple_278.jpg,pineapple,0.887769248
./kiwi/Kiwi_187.jpg,kiwi,0.346320128
./banana/Banana_298.jpg,banana,0.584468817
./avocado/Avocado_123.jpg,avocado,0.936297895
./banana/Banana_142.jpg,banana,0.666174507
./avocado/Avocado_219.jpg,avocado,0.54854029
./strawberry/Strawberry_298.jpg,strawberry,0.893438533
./kiwi/Kiwi_88.jpg,kiwi,0.900407263
./banana/Banana_93.jpg,banana,0.621856823
./banana/Banana_139.jpg,banana,0.18912365
./apple/Apple Braeburn_190.jpg,apple,0.885319608
./strawberry/Strawberry_239.jpg,strawberry,0.603695185
./avocado/Avocado_230.jpg,avocado,0.046232098
./kiwi/Kiwi_53.jpg,kiwi,0.516628354
./banana/Banana_282.jpg,banana,0.74781363
./banana/Banana_241.jpg,banana,0.922192033
./pineapple/Pineapple_222.jpg,pineapple,0.789460586
./kiwi/Kiwi_3.jpg,kiwi,0.110623019
./apple/Apple Braeburn_282.jpg,apple,0.717709902
./kiwi/Kiwi_288.jpg,kiwi,0.934008606
./avocado/Avocado_114.jpg,avocado,0.867939787
./strawberry/Strawberry_82.jpg,strawberry,0.379883678
./kiwi/Kiwi_96.jpg,kiwi,0.874512061
./kiwi/Kiwi_208.jpg,kiwi,0.556787337
./orange/Orange_62.jpg,orange,0.834589825
./apple/Apple Braeburn_4.jpg,apple,0.648736091
./orange/Orange_75.jpg,orange,0.19750333
./banana/Banana_264.jpg,banana,0.729515573
./pineapple/Pineapple_39.jpg,pineapple,0.028610833
./avocado/Avocado_287.jpg,avocado,0.498474792
./kiwi/Kiwi_182.jpg,kiwi,0.24606916
./apple/Apple Braeburn_227.jpg,apple,0.367073039
./banana/Banana_287.jpg,banana,0.130610893
./pineapple/Pineapple_77.jpg,pineapple,0.27692161
./banana/Banana_248.jpg,banana,0.102307908
./orange/Orange_104.jpg,orange,0.632113713
./pineapple/Pineapple_216.jpg,pineapple,0.901563801
./banana/Banana_207.jpg,banana,0.896161038
./orange/Orange_163.jpg,orange,0.573914947
./banana/Banana_125.jpg,banana,0.74211326
./strawberry/Strawberry_281.jpg,strawberry,0.036442837
./orange/Orange_61.jpg,orange,0.743053873
./banana/Banana_270.jpg,banana,0.42332464
./apple/Apple Braeburn_27.jpg,apple,0.780526368
./apple/Apple Braeburn_3.jpg,apple,0.38852859
./apple/Apple Braeburn_146.jpg,apple,0.666235891
./orange/Orange_82.jpg,orange,0.366139824
./pineapple/Pineapple_61.jpg,pineapple,0.766177077
./apple/Apple Braeburn_107.jpg,apple,0.593250443
./avocado/Avocado_33.jpg,avocado,0.478364302
./orange/Orange_12.jpg,orange,0.712195708
./strawberry/Strawberry_61.jpg,strawberry,0.618303916
./kiwi/Kiwi_55.jpg,kiwi,0.227514736
./orange/Orange_182.jpg,orange,0.489915418
./banana/Banana_190.jpg,banana,0.69404441
./banana/Banana_76.jpg,banana,0.060162607
./pineapple/Pineapple_54.jpg,pineapple,0.05243569
./banana/Banana_268.jpg,banana,0.83652587
./avocado/Avocado_221.jpg,avocado,0.480520882
./apple/Apple Braeburn_104.jpg,apple,0.787703977
./avocado/Avocado_97.jpg,avocado,0.433723271
./banana/Banana_88.jpg,banana,0.676967041
./strawberry/Strawberry_175.jpg,strawberry,0.337909436
./strawberry/Strawberry_27.jpg,strawberry,0.550025086
./banana/Banana_288.jpg,banana,0.778619911
./avocado/Avocado_279.jpg,avocado,0.761865119
./apple/Apple Braeburn_150.jpg,apple,0.966300477
./strawberry/Strawberry_11.jpg,strawberry,0.024675262
./strawberry/Strawberry_59.jpg,strawberry,0.438167962
./orange/Orange_240.jpg,orange,0.731594229
./apple/Apple Braeburn_111.jpg,apple,0.262746637
./avocado/Avocado_9.jpg,avocado,0.422953548
./apple/Apple Braeburn_225.jpg,apple,0.506301222
./banana/Banana_145.jpg,banana,0.835024632
./banana/Banana_80.jpg,banana,0.091165077
./apple/Apple Braeburn_79.jpg,apple,0.281377319
./apple/Apple Braeburn_222.jpg,apple,0.841355071
./orange/Orange_97.jpg,orange,0.170755438
./strawberry/Strawberry_145.jpg,strawberry,0.940806801
./strawberry/Strawberry_105.jpg,strawberry,0.298676956
./pineapple/Pineapple_242.jpg,pineapple,0.872412376
./banana/Banana_240.jpg,banana,0.544426587
./apple/Apple Braeburn_285.jpg,apple,0.874331712
./banana/Banana_46.jpg,banana,0.21002418
./pineapple/Pineapple_131.jpg,pineapple,0.503776919
./strawberry/Strawberry_23.jpg,strawberry,0.528668533
./orange/Orange_23.jpg,orange,0.902939684
./avocado/Avocado_200.jpg,avocado,0.059238253
./banana/Banana_132.jpg,banana,0.746779446
./avocado/Avocado_71.jpg,avocado,0.871894486
./orange/Orange_21.jpg,orange,0.409565277
./banana/Banana_151.jpg,banana,0.932848944
./avocado/Avocado_206.jpg,avocado,0.616019803
./banana/Banana_83.jpg,banana,0.981184147
./strawberry/Strawberry_196.jpg,strawberry,0.010935648
./banana/Banana_245.jpg,banana,0.579368682
./orange/Orange_138.jpg,orange,0.119514494
./banana/Banana_219.jpg,banana,0.775520365
./apple/Apple Braeburn_103.jpg,apple,0.349786687
./orange/Orange_160.jpg,orange,0.733003918
./pineapple/Pineapple_45.jpg,pineapple,0.612908889
./apple/Apple Braeburn_110.jpg,apple,0.697963366
./kiwi/Kiwi_49.jpg,kiwi,0.49245423
./kiwi/Kiwi_133.jpg,kiwi,0.684856528
./apple/Apple Braeburn_132.jpg,apple,0.18472273
./pineapple/Pineapple_104.jpg,pineapple,0.875851334
./pineapple/Pineapple_17.jpg,pineapple,0.583499336
./orange/Orange_124.jpg,orange,0.288077131
./apple/Apple Braeburn_196.jpg,apple,0.404631353
./kiwi/Kiwi_160.jpg,kiwi,0.39781057
./orange/Orange_289.jpg,orange,0.273768098
./kiwi/Kiwi_252.jpg,kiwi,0.839046156
./avocado/Avocado_166.jpg,avocado,0.538830984
./banana/Banana_258.jpg,banana,0.641229598
./strawberry/Strawberry_295.jpg,strawberry,0.95747693
./kiwi/Kiwi_206.jpg,kiwi,0.706433703
./kiwi/Kiwi_254.jpg,kiwi,0.65976798
./orange/Orange_102.jpg,orange,0.812261814
./kiwi/Kiwi_256.jpg,kiwi,0.591707031
./strawberry/Strawberry_282.jpg,strawberry,0.671177908
./pineapple/Pineapple_214.jpg,pineapple,0.134806365
./pineapple/Pineapple_205.jpg,pineapple,0.445455029
./apple/Apple Braeburn_10.jpg,apple,0.217645872
./orange/Orange_146.jpg,orange,0.10160818
./pineapple/Pineapple_115.jpg,pineapple,0.266366761
./strawberry/Strawberry_154.jpg,strawberry,0.89330568
./apple/Apple Braeburn_6.jpg,apple,0.506055833
./orange/Orange_246.jpg,orange,0.481920023
./apple/Apple Braeburn_31.jpg,apple,0.732800727
./strawberry/Strawberry_245.jpg,strawberry,0.895741083
./orange/Orange_280.jpg,orange,0.237780253
./avocado/Avocado_205.jpg,avocado,0.829021915
./apple/Apple Braeburn_267.jpg,apple,0.609313144
./avocado/Avocado_131.jpg,avocado,0.018520013
./banana/Banana_147.jpg,banana,0.300334511
./orange/Orange_18.jpg,orange,0.045852663
./strawberry/Strawberry_279.jpg,strawberry,0.135758654
./apple/Apple Braeburn_39.jpg,apple,0.812614133
./orange/Orange_70.jpg,orange,0.579532453
./avocado/Avocado_246.jpg,avocado,0.843006934
./strawberry/Strawberry_186.jpg,strawberry,0.495095446
./banana/Banana_296.jpg,banana,0.765665502
./orange/Orange_76.jpg,orange,0.934413403
./apple/Apple Braeburn_231.jpg,apple,0.928251645
./banana/Banana_12.jpg,banana,0.648896225
./strawberry/Strawberry_255.jpg,strawberry,0.183037188
./apple/Apple Braeburn_158.jpg,apple,0.646791792
./kiwi/Kiwi_45.jpg,kiwi,0.894859976
./kiwi/Kiwi_154.jpg,kiwi,0.724920778
./orange/Orange_186.jpg,orange,0.462868669
./kiwi/Kiwi_166.jpg,kiwi,0.125825359
./kiwi/Kiwi_192.jpg,kiwi,0.567293567
./orange/Orange_191.jpg,orange,0.21898842
./apple/Apple Braeburn_51.jpg,apple,0.319009582
./avocado/Avocado_137.jpg,avocado,0.652814838
./banana/Banana_274.jpg,banana,0.131880921
./orange/Orange_116.jpg,orange,0.461653729
./strawberry/Strawberry_1.jpg,strawberry,0.870927541
./avocado/Avocado_140.jpg,avocado,0.688311188
./banana/Banana_99.jpg,banana,0.622056621
./banana/Banana_179.jpg,banana,0.979357958
./pineapple/Pineapple_175.jpg,pineapple,0.310811093
./kiwi/Kiwi_178.jpg,kiwi,0.305335081
./pineapple/Pineapple_158.jpg,pineapple,0.26675749
./avocado/Avocado_268.jpg,avocado,0.882462232
./pineapple/Pineapple_84.jpg,pineapple,0.285334767
./orange/Orange_157.jpg,orange,0.261123668
./apple/Apple Braeburn_228.jpg,apple,0.38722155
./orange/Orange_127.jpg,orange,0.314591003
./orange/Orange_253.jpg,orange,0.071425595
./apple/Apple Braeburn_235.jpg,apple,0.671712607
./kiwi/Kiwi_58.jpg,kiwi,0.851164269
./orange/Orange_27.jpg,orange,0.219176842
./pineapple/Pineapple_160.jpg,pineapple,0.552068575
./avocado/Avocado_273.jpg,avocado,0.335701021
./pineapple/Pineapple_47.jpg,pineapple,0.364119646
./kiwi/Kiwi_165.jpg,kiwi,0.898204585
./apple/Apple Braeburn_43.jpg,apple,0.681982368
./avocado/Avocado_24.jpg,avocado,0.026904937
./orange/Orange_141.jpg,orange,0.641354573
./strawberry/Strawberry_177.jpg,strawberry,0.755276666
./kiwi/Kiwi_117.jpg,kiwi,0.295804364
./banana/Banana_32.jpg,banana,0.694814976
./strawberry/Strawberry_152.jpg,strawberry,0.645694079
./banana/Banana_236.jpg,banana,0.075586279
./avocado/Avocado_250.jpg,avocado,0.966016963
./orange/Orange_215.jpg,orange,0.458528783
./avocado/Avocado_270.jpg,avocado,0.090121327
./strawberry/Strawberry_148.jpg,strawberry,0.780755261
./apple/Apple Braeburn_168.jpg,apple,0.738301491
./orange/Orange_284.jpg,orange,0.476382668
./kiwi/Kiwi_43.jpg,kiwi,0.307424412
./pineapple/Pineapple_80.jpg,pineapple,0.075013792
./strawberry/Strawberry_99.jpg,strawberry,0.125259459
./orange/Orange_54.jpg,orange,0.921495628
./pineapple/Pineapple_8.jpg,pineapple,0.908377987
./apple/Apple Braeburn_101.jpg,apple,0.83478948
./apple/Apple Braeburn_91.jpg,apple,0.286456996
./banana/Banana_74.jpg,banana,0.039103674
./banana/Banana_2.jpg,banana,0.626246966
./banana/Banana_53.jpg,banana,0.079386217
./kiwi/Kiwi_212.jpg,kiwi,0.019068252
./banana/Banana_50.jpg,banana,0.879910809
./banana/Banana_118.jpg,banana,0.000811317
./orange/Orange_96.jpg,orange,0.808971375
./pineapple/Pineapple_105.jpg,pineapple,0.71363182
./banana/Banana_277.jpg,banana,0.012103686
./strawberry/Strawberry_95.jpg,strawberry,0.46541323
./kiwi/Kiwi_107.jpg,kiwi,0.347284212
./strawberry/Strawberry_167.jpg,strawberry,0.408085034
./pineapple/Pineapple_93.jpg,pineapple,0.371360127
./banana/Banana_266.jpg,banana,0.520919967
./kiwi/Kiwi_142.jpg,kiwi,0.038118974
./apple/Apple Braeburn_169.jpg,apple,0.854131574
./orange/Orange_63.jpg,orange,0.764142192
./kiwi/Kiwi_94.jpg,kiwi,0.330797797
./apple/Apple Braeburn_243.jpg,apple,0.464379492
./avocado/Avocado_30.jpg,avocado,0.739751275
./orange/Orange_193.jpg,orange,0.321640643
./apple/Apple Braeburn_260.jpg,apple,0.714292233
./orange/Orange_251.jpg,orange,0.909752223
./avocado/Avocado_36.jpg,avocado,0.157461851
./banana/Banana_249.jpg,banana,0.205534409
./apple/Apple Braeburn_292.jpg,apple,0.423368008
./strawberry/Strawberry_166.jpg,strawberry,0.916594798
./banana/Banana_215.jpg,banana,0.963190402
./kiwi/Kiwi_80.jpg,kiwi,0.298098505
./strawberry/Strawberry_48.jpg,strawberry,0.40985455
./apple/Apple Braeburn_266.jpg,apple,0.795952472
./banana/Banana_42.jpg,banana,0.312141391
./pineapple/Pineapple_113.jpg,pineapple,0.260991565
./strawberry/Strawberry_108.jpg,strawberry,0.546558786
./avocado/Avocado_15.jpg,avocado,0.63967255
./orange/Orange_279.jpg,orange,0.686169501
./strawberry/Strawberry_19.jpg,strawberry,0.425466998
./banana/Banana_123.jpg,banana,0.765531827
./avocado/Avocado_112.jpg,avocado,0.038034668
./orange/Orange_24.jpg,orange,0.106315242
./apple/Apple Braeburn_279.jpg,apple,0.783330865
./orange/Orange_112.jpg,orange,0.343165913
./apple/Apple Braeburn_83.jpg,apple,0.409024184
./pineapple/Pineapple_257.jpg,pineapple,0.160745843
./strawberry/Strawberry_289.jpg,strawberry,0.762982186
./avocado/Avocado_34.jpg,avocado,0.781588716
./avocado/Avocado_132.jpg,avocado,0.192940196
./apple/Apple Braeburn_1.jpg,apple,0.207201587
./orange/Orange_197.jpg,orange,0.371179755
./pineapple/Pineapple_82.jpg,pineapple,0.252307463
./avocado/Avocado_179.jpg,avocado,0.440233215
./pineapple/Pineapple_125.jpg,pineapple,0.173011151
./apple/Apple Braeburn_133.jpg,apple,0.189670897
./apple/Apple Braeburn_41.jpg,apple,0.410612573
./banana/Banana_170.jpg,banana,0.098930235
./apple/Apple Braeburn_25.jpg,apple,0.078139709
./apple/Apple Braeburn_193.jpg,apple,0.534384908
./apple/Apple Braeburn_19.jpg,apple,0.296361116
./strawberry/Strawberry_197.jpg,strawberry,0.280951927
./orange/Orange_221.jpg,orange,0.827774005
./banana/Banana_39.jpg,banana,0.370348349
./banana/Banana_293.jpg,banana,0.250280188
./kiwi/Kiwi_213.jpg,kiwi,0.677603917
./orange/Orange_87.jpg,orange,0.929159431
./pineapple/Pineapple_74.jpg,pineapple,0.469220569
./pineapple/Pineapple_75.jpg,pineapple,0.567904682
./kiwi/Kiwi_210.jpg,kiwi,0.156414806
./pineapple/Pineapple_225.jpg,pineapple,0.172796015
./avocado/Avocado_37.jpg,avocado,0.344305108
./apple/Apple Braeburn_124.jpg,apple,0.521751274
./avocado/Avocado_102.jpg,avocado,0.906294021
./strawberry/Strawberry_260.jpg,strawberry,0.724007111
./strawberry/Strawberry_190.jpg,strawberry,0.055291158
./kiwi/Kiwi_90.jpg,kiwi,0.004891001
./avocado/Avocado_153.jpg,avocado,0.553662696
./orange/Orange_14.jpg,orange,0.833973784
./strawberry/Strawberry_211.jpg,strawberry,0.983955794
./avocado/Avocado_237.jpg,avocado,0.912226055
./pineapple/Pineapple_176.jpg,pineapple,0.469332255
./apple/Apple Braeburn_163.jpg,apple,0.006710987
./pineapple/Pineapple_18.jpg,pineapple,0.677733453
./kiwi/Kiwi_83.jpg,kiwi,0.708764179
./orange/Orange_38.jpg,orange,0.775518223
./pineapple/Pineapple_231.jpg,pineapple,0.197171968
./strawberry/Strawberry_121.jpg,strawberry,0.394906864
./pineapple/Pineapple_224.jpg,pineapple,0.459790004
./apple/Apple Braeburn_244.jpg,apple,0.696513485
./strawberry/Strawberry_57.jpg,strawberry,0.022878147
./apple/Apple Braeburn_237.jpg,apple,0.469051198
./apple/Apple Braeburn_281.jpg,apple,0.39095415
./kiwi/Kiwi_280.jpg,kiwi,0.992539236
./orange/Orange_201.jpg,orange,0.063481392
./kiwi/Kiwi_120.jpg,kiwi,0.464212419
./kiwi/Kiwi_25.jpg,kiwi,0.544604893
./strawberry/Strawberry_288.jpg,strawberry,0.506381126
./kiwi/Kiwi_209.jpg,kiwi,0.779167062
./kiwi/Kiwi_111.jpg,kiwi,0.013529695
./apple/Apple Braeburn_117.jpg,apple,0.568867318
./kiwi/Kiwi_236.jpg,kiwi,0.105037686
./orange/Orange_72.jpg,orange,0.629532712
./pineapple/Pineapple_30.jpg,pineapple,0.153876282
./orange/Orange_166.jpg,orange,0.830924621
./apple/Apple Braeburn_276.jpg,apple,0.710617182
./avocado/Avocado_278.jpg,avocado,0.232551995
./avocado/Avocado_226.jpg,avocado,0.819905164
./apple/Apple Braeburn_178.jpg,apple,0.686898632
./avocado/Avocado_48.jpg,avocado,0.407250228
./banana/Banana_100.jpg,banana,0.257326929
./avocado/Avocado_163.jpg,avocado,0.392171563
./apple/Apple Braeburn_108.jpg,apple,0.801904939
./banana/Banana_252.jpg,banana,0.547155071
./kiwi/Kiwi_101.jpg,kiwi,0.545363816
./orange/Orange_174.jpg,orange,0.544609121
./orange/Orange_11.jpg,orange,0.61393246
./strawberry/Strawberry_218.jpg,strawberry,0.826011346
./banana/Banana_67.jpg,banana,0.335465807
./pineapple/Pineapple_55.jpg,pineapple,0.593137591
./apple/Apple Braeburn_300.jpg,apple,0.425920338
./apple/Apple Braeburn_278.jpg,apple,0.878514257
./pineapple/Pineapple_66.jpg,pineapple,0.2683251
./avocado/Avocado_155.jpg,avocado,0.682128782
./kiwi/Kiwi_261.jpg,kiwi,0.841206265
./banana/Banana_265.jpg,banana,0.621214394
./avocado/Avocado_141.jpg,avocado,0.648797939
./pineapple/Pineapple_182.jpg,pineapple,0.357829288
./pineapple/Pineapple_147.jpg,pineapple,0.62399968
./apple/Apple Braeburn_52.jpg,apple,0.438743219
./kiwi/Kiwi_7.jpg,kiwi,0.200765152
./strawberry/Strawberry_212.jpg,strawberry,0.108521553
./pineapple/Pineapple_103.jpg,pineapple,0.038436515
./pineapple/Pineapple_128.jpg,pineapple,0.918738873
./pineapple/Pineapple_217.jpg,pineapple,0.185763126
./banana/Banana_101.jpg,banana,0.742310622
./banana/Banana_244.jpg,banana,0.161801781
./strawberry/Strawberry_131.jpg,strawberry,0.310796263
./pineapple/Pineapple_283.jpg,pineapple,0.859082146
./banana/Banana_273.jpg,banana,0.813202827
./orange/Orange_106.jpg,orange,0.096354607
./pineapple/Pineapple_52.jpg,pineapple,0.973814978
./apple/Apple Braeburn_149.jpg,apple,0.676005144
./apple/Apple Braeburn_199.jpg,apple,0.227568171
./apple/Apple Braeburn_255.jpg,apple,0.063248051
./kiwi/Kiwi_93.jpg,kiwi,0.072274075
./banana/Banana_72.jpg,banana,0.557051769
./pineapple/Pineapple_254.jpg,pineapple,0.622572917
./kiwi/Kiwi_0.jpg,kiwi,0.7127348
./apple/Apple Braeburn_296.jpg,apple,0.51014165
./strawberry/Strawberry_257.jpg,strawberry,0.030888777
./pineapple/Pineapple_109.jpg,pineapple,0.206327132
./avocado/Avocado_5.jpg,avocado,0.366270203
./pineapple/Pineapple_193.jpg,pineapple,0.996831562
./avocado/Avocado_2.jpg,avocado,0.932803131
./apple/Apple Braeburn_202.jpg,apple,0.490075451
./kiwi/Kiwi_262.jpg,kiwi,0.81729983
./banana/Banana_129.jpg,banana,0.856491419
./strawberry/Strawberry_101.jpg,strawberry,0.892875592
./apple/Apple Braeburn_234.jpg,apple,0.713410087
./pineapple/Pineapple_261.jpg,pineapple,0.188035576
./pineapple/Pineapple_289.jpg,pineapple,0.891244083
./kiwi/Kiwi_82.jpg,kiwi,0.926781786
./avocado/Avocado_86.jpg,avocado,0.42197799
./apple/Apple Braeburn_210.jpg,apple,0.101763323
./banana/Banana_91.jpg,banana,0.332336251
./orange/Orange_22.jpg,orange,0.465872897
./banana/Banana_54.jpg,banana,0.486577406
./orange/Orange_214.jpg,orange,0.855420434
./pineapple/Pineapple_195.jpg,pineapple,0.006156543
./avocado/Avocado_157.jpg,avocado,0.930303166
./apple/Apple Braeburn_286.jpg,apple,0.174476282
./pineapple/Pineapple_139.jpg,pineapple,0.66954887
./banana/Banana_136.jpg,banana,0.119521664
./banana/Banana_65.jpg,banana,0.52854429
./avocado/Avocado_265.jpg,avocado,0.471435942
./kiwi/Kiwi_24.jpg,kiwi,0.462712011
./apple/Apple Braeburn_46.jpg,apple,0.41582304
./strawberry/Strawberry_39.jpg,strawberry,0.470165927
./banana/Banana_178.jpg,banana,0.751512695
./avocado/Avocado_262.jpg,avocado,0.555416585
./kiwi/Kiwi_183.jpg,kiwi,0.795607955
./banana/Banana_291.jpg,banana,0.273932527
./banana/Banana_284.jpg,banana,0.757153747
./banana/Banana_79.jpg,banana,0.690066132
./banana/Banana_157.jpg,banana,0.176088572
./strawberry/Strawberry_65.jpg,strawberry,0.016140362
./apple/Apple Braeburn_245.jpg,apple,0.180660659
./strawberry/Strawberry_130.jpg,strawberry,0.423366174
./pineapple/Pineapple_2.jpg,pineapple,0.536844587
./apple/Apple Braeburn_89.jpg,apple,0.019898107
./kiwi/Kiwi_163.jpg,kiwi,0.482669597
./kiwi/Kiwi_169.jpg,kiwi,0.606985912
./pineapple/Pineapple_57.jpg,pineapple,0.706059963
./orange/Orange_7.jpg,orange,0.159654262
./strawberry/Strawberry_238.jpg,strawberry,0.959106087
./strawberry/Strawberry_139.jpg,strawberry,0.413442116
./kiwi/Kiwi_47.jpg,kiwi,0.194082389
./apple/Apple Braeburn_294.jpg,apple,0.679103334
./kiwi/Kiwi_131.jpg,kiwi,0.654650428
./banana/Banana_211.jpg,banana,0.150594597
./avocado/Avocado_107.jpg,avocado,0.102723311
./orange/Orange_170.jpg,orange,0.155965692
./orange/Orange_288.jpg,orange,0.20348537
./banana/Banana_216.jpg,banana,0.38581909
./kiwi/Kiwi_181.jpg,kiwi,0.656681439
./avocado/Avocado_168.jpg,avocado,0.579885441
./kiwi/Kiwi_1.jpg,kiwi,0.911224466
./avocado/Avocado_285.jpg,avocado,0.477424811
./strawberry/Strawberry_87.jpg,strawberry,0.388068911
./avocado/Avocado_215.jpg,avocado,0.118163631
./strawberry/Strawberry_159.jpg,strawberry,0.157509826
./kiwi/Kiwi_177.jpg,kiwi,0.909799869
./banana/Banana_90.jpg,banana,0.235944097
./strawberry/Strawberry_21.jpg,strawberry,0.795150003
./pineapple/Pineapple_187.jpg,pineapple,0.152902753
./banana/Banana_26.jpg,banana,0.113778661
./kiwi/Kiwi_215.jpg,kiwi,0.428360678
./strawberry/Strawberry_2.jpg,strawberry,0.254585635
./kiwi/Kiwi_268.jpg,kiwi,0.231099401
./pineapple/Pineapple_279.jpg,pineapple,0.727149087
./pineapple/Pineapple_58.jpg,pineapple,0.175736411
./kiwi/Kiwi_172.jpg,kiwi,0.029433879
./orange/Orange_125.jpg,orange,0.652725148
./kiwi/Kiwi_186.jpg,kiwi,0.367711685
./kiwi/Kiwi_207.jpg,kiwi,0.18005302
./pineapple/Pineapple_110.jpg,pineapple,0.344012806
./pineapple/Pineapple_121.jpg,pineapple,0.49195063
./kiwi/Kiwi_116.jpg,kiwi,0.982327465
./kiwi/Kiwi_23.jpg,kiwi,0.490486813
./kiwi/Kiwi_114.jpg,kiwi,0.355874828
./kiwi/Kiwi_151.jpg,kiwi,0.474435427
./pineapple/Pineapple_209.jpg,pineapple,0.347611549
./avocado/Avocado_79.jpg,avocado,0.496351282
./kiwi/Kiwi_258.jpg,kiwi,0.024801274
./avocado/Avocado_280.jpg,avocado,0.826036947
./avocado/Avocado_245.jpg,avocado,0.373863516
./banana/Banana_192.jpg,banana,0.476602095
./strawberry/Strawberry_64.jpg,strawberry,0.901829275
./orange/Orange_293.jpg,orange,0.540765484
./pineapple/Pineapple_234.jpg,pineapple,0.009569917
./avocado/Avocado_142.jpg,avocado,0.776567342
./apple/Apple Braeburn_219.jpg,apple,0.042661858
./kiwi/Kiwi_40.jpg,kiwi,0.77493136
./pineapple/Pineapple_246.jpg,pineapple,0.472820398
./strawberry/Strawberry_210.jpg,strawberry,0.601412272
./orange/Orange_212.jpg,orange,0.202666059
./apple/Apple Braeburn_57.jpg,apple,0.222611761
./pineapple/Pineapple_71.jpg,pineapple,0.012357663
./pineapple/Pineapple_213.jpg,pineapple,0.939620445
./avocado/Avocado_252.jpg,avocado,0.346736522
./pineapple/Pineapple_116.jpg,pineapple,0.994489091
./pineapple/Pineapple_179.jpg,pineapple,0.399285074
./orange/Orange_142.jpg,orange,0.955352079
./pineapple/Pineapple_73.jpg,pineapple,0.62716261
./pineapple/Pineapple_265.jpg,pineapple,0.471312568
./pineapple/Pineapple_35.jpg,pineapple,0.140816575
./apple/Apple Braeburn_106.jpg,apple,0.441520938
./banana/Banana_131.jpg,banana,0.314496335
./orange/Orange_260.jpg,orange,0.219719396
./orange/Orange_204.jpg,orange,0.997847467
./banana/Banana_175.jpg,banana,0.302666274
./apple/Apple Braeburn_20.jpg,apple,0.044124476
./avocado/Avocado_20.jpg,avocado,0.646810036
./banana/Banana_92.jpg,banana,0.57482337
./pineapple/Pineapple_9.jpg,pineapple,0.505385999
./kiwi/Kiwi_217.jpg,kiwi,0.785735232
./apple/Apple Braeburn_126.jpg,apple,0.575073886
./apple/Apple Braeburn_23.jpg,apple,0.910416467
./kiwi/Kiwi_20.jpg,kiwi,0.57355706
./pineapple/Pineapple_22.jpg,pineapple,0.13597606
./orange/Orange_134.jpg,orange,0.456672351
./banana/Banana_29.jpg,banana,0.053456435
./avocado/Avocado_19.jpg,avocado,0.571495955
./avocado/Avocado_212.jpg,avocado,0.8125743
./pineapple/Pineapple_206.jpg,pineapple,0.634761843
./apple/Apple Braeburn_54.jpg,apple,0.368045029
./banana/Banana_7.jpg,banana,0.344754127
./strawberry/Strawberry_285.jpg,strawberry,0.43276854
./kiwi/Kiwi_162.jpg,kiwi,0.273711138
./apple/Apple Braeburn_123.jpg,apple,0.378725293
./apple/Apple Braeburn_12.jpg,apple,0.523075996
./pineapple/Pineapple_149.jpg,pineapple,0.874809309
./apple/Apple Braeburn_68.jpg,apple,0.411725287
./orange/Orange_244.jpg,orange,0.636465022
./pineapple/Pineapple_7.jpg,pineapple,0.582084041
./avocado/Avocado_196.jpg,avocado,0.697867992
./banana/Banana_135.jpg,banana,0.710128017
./pineapple/Pineapple_191.jpg,pineapple,0.584015119
./banana/Banana_95.jpg,banana,0.901398403
./orange/Orange_80.jpg,orange,0.934141554
./strawberry/Strawberry_155.jpg,strawberry,0.299873992
./apple/Apple Braeburn_200.jpg,apple,0.721841093
./avocado/Avocado_76.jpg,avocado,0.851047657
./pineapple/Pineapple_119.jpg,pineapple,0.559187714
./pineapple/Pineapple_157.jpg,pineapple,0.85406203
./apple/Apple Braeburn_100.jpg,apple,0.719007848
./kiwi/Kiwi_100.jpg,kiwi,0.125660353
./avocado/Avocado_6.jpg,avocado,0.117256622
./avocado/Avocado_251.jpg,avocado,0.950747032
./apple/Apple Braeburn_206.jpg,apple,0.423720297
./banana/Banana_271.jpg,banana,0.645475365
./orange/Orange_278.jpg,orange,0.856148843
./banana/Banana_167.jpg,banana,0.675579163
./orange/Orange_0.jpg,orange,0.285828571
./avocado/Avocado_180.jpg,avocado,0.946793377
./avocado/Avocado_13.jpg,avocado,0.817250957
./orange/Orange_290.jpg,orange,0.289041678
./banana/Banana_89.jpg,banana,0.062835225
./kiwi/Kiwi_79.jpg,kiwi,0.364677822
./banana/Banana_108.jpg,banana,0.563649444
./avocado/Avocado_170.jpg,avocado,0.612576947
./avocado/Avocado_161.jpg,avocado,0.234017
./kiwi/Kiwi_189.jpg,kiwi,0.898924763
./orange/Orange_213.jpg,orange,0.650043932
./avocado/Avocado_133.jpg,avocado,0.500176242
./kiwi/Kiwi_9.jpg,kiwi,0.2904586
./strawberry/Strawberry_50.jpg,strawberry,0.620402767
./pineapple/Pineapple_290.jpg,pineapple,0.836834145
./avocado/Avocado_258.jpg,avocado,0.99841314
./orange/Orange_1.jpg,orange,0.069127479
./kiwi/Kiwi_224.jpg,kiwi,0.891519449
./avocado/Avocado_253.jpg,avocado,0.723797423
./apple/Apple Braeburn_153.jpg,apple,0.190308822
./orange/Orange_168.jpg,orange,0.495952577
./avocado/Avocado_172.jpg,avocado,0.205020455
./avocado/Avocado_276.jpg,avocado,0.780777638
./avocado/Avocado_186.jpg,avocado,0.351660795
./orange/Orange_130.jpg,orange,0.534368851
./orange/Orange_245.jpg,orange,0.86749845
./orange/Orange_25.jpg,orange,0.520726364
./strawberry/Strawberry_296.jpg,strawberry,0.668637462
./strawberry/Strawberry_28.jpg,strawberry,0.488340463
./orange/Orange_274.jpg,orange,0.930070553
./avocado/Avocado_229.jpg,avocado,0.831116492
./apple/Apple Braeburn_180.jpg,apple,0.767762854
./kiwi/Kiwi_46.jpg,kiwi,0.180319109
./banana/Banana_64.jpg,banana,0.443910308
./pineapple/Pineapple_272.jpg,pineapple,0.187397529
./pineapple/Pineapple_10.jpg,pineapple,0.80547169
./strawberry/Strawberry_18.jpg,strawberry,0.056840665
./avocado/Avocado_40.jpg,avocado,0.472052796
./orange/Orange_277.jpg,orange,0.318758946
./banana/Banana_71.jpg,banana,0.325655068
./apple/Apple Braeburn_94.jpg,apple,0.169384784
./orange/Orange_84.jpg,orange,0.321694799
./apple/Apple Braeburn_161.jpg,apple,0.713014275
./pineapple/Pineapple_212.jpg,pineapple,0.062493843
./orange/Orange_34.jpg,orange,0.149106011
./pineapple/Pineapple_249.jpg,pineapple,0.313439041
./pineapple/Pineapple_255.jpg,pineapple,0.105363507
./pineapple/Pineapple_4.jpg,pineapple,0.215206247
./banana/Banana_104.jpg,banana,0.721725286
./kiwi/Kiwi_16.jpg,kiwi,0.011499597
./strawberry/Strawberry_112.jpg,strawberry,0.594347253
./kiwi/Kiwi_2.jpg,kiwi,0.006625285
./strawberry/Strawberry_24.jpg,strawberry,0.963005421
./kiwi/Kiwi_18.jpg,kiwi,0.729278072
./avocado/Avocado_184.jpg,avocado,0.720611996
./pineapple/Pineapple_239.jpg,pineapple,0.297995339
./orange/Orange_259.jpg,orange,0.028664456
./pineapple/Pineapple_43.jpg,pineapple,0.700282832
./apple/Apple Braeburn_214.jpg,apple,0.900995976
./strawberry/Strawberry_144.jpg,strawberry,0.462491929
./apple/Apple Braeburn_175.jpg,apple,0.663785433
./banana/Banana_281.jpg,banana,0.225891638
./pineapple/Pineapple_172.jpg,pineapple,0.587932464
./avocado/Avocado_110.jpg,avocado,0.224307816
./apple/Apple Braeburn_72.jpg,apple,0.2003092
./orange/Orange_238.jpg,orange,0.085528746
./orange/Orange_69.jpg,orange,0.121950565
./kiwi/Kiwi_121.jpg,kiwi,0.491565341
./banana/Banana_0.jpg,banana,0.912489724
./pineapple/Pineapple_223.jpg,pineapple,0.111182757
./strawberry/Strawberry_221.jpg,strawberry,0.859962075
./pineapple/Pineapple_146.jpg,pineapple,0.214480708
./pineapple/Pineapple_167.jpg,pineapple,0.433110489
./avocado/Avocado_85.jpg,avocado,0.430961374
./banana/Banana_161.jpg,banana,0.64753977
./apple/Apple Braeburn_30.jpg,apple,0.381412005
./pineapple/Pineapple_144.jpg,pineapple,0.642717162
./orange/Orange_217.jpg,orange,0.530465131
./kiwi/Kiwi_21.jpg,kiwi,0.290175492
./pineapple/Pineapple_16.jpg,pineapple,0.002531272
./apple/Apple Braeburn_145.jpg,apple,0.091257526
./apple/Apple Braeburn_96.jpg,apple,0.695861501
./avocado/Avocado_143.jpg,avocado,0.199152574
./banana/Banana_280.jpg,banana,0.142355333
./apple/Apple Braeburn_167.jpg,apple,0.418652935
./kiwi/Kiwi_243.jpg,kiwi,0.181899944
./avocado/Avocado_171.jpg,avocado,0.860258514
./kiwi/Kiwi_226.jpg,kiwi,0.70265801
./avocado/Avocado_134.jpg,avocado,0.302324792
./strawberry/Strawberry_291.jpg,strawberry,0.883204529
./kiwi/Kiwi_128.jpg,kiwi,0.008503523
./apple/Apple Braeburn_280.jpg,apple,0.870385523
./banana/Banana_126.jpg,banana,0.59827974
./kiwi/Kiwi_249.jpg,kiwi,0.020364422
./kiwi/Kiwi_148.jpg,kiwi,0.57527235
./kiwi/Kiwi_179.jpg,kiwi,0.02189161
./strawberry/Strawberry_271.jpg,strawberry,0.748152909
./strawberry/Strawberry_258.jpg,strawberry,0.221164939
./strawberry/Strawberry_81.jpg,strawberry,0.804164037
./kiwi/Kiwi_239.jpg,kiwi,0.157981999
./apple/Apple Braeburn_98.jpg,apple,0.95215785
./strawberry/Strawberry_56.jpg,strawberry,0.181485978
./strawberry/Strawberry_76.jpg,strawberry,0.307519448
./kiwi/Kiwi_159.jpg,kiwi,0.211635551
./banana/Banana_11.jpg,banana,0.449430005
./banana/Banana_116.jpg,banana,0.959396259
./avocado/Avocado_208.jpg,avocado,0.089633014
./pineapple/Pineapple_102.jpg,pineapple,0.549958543
./strawberry/Strawberry_272.jpg,strawberry,0.625422802
./kiwi/Kiwi_140.jpg,kiwi,0.534121555
./kiwi/Kiwi_297.jpg,kiwi,0.844801364
./orange/Orange_236.jpg,orange,0.922180806
./kiwi/Kiwi_251.jpg,kiwi,0.754575043
./apple/Apple Braeburn_24.jpg,apple,0.797634808
./strawberry/Strawberry_36.jpg,strawberry,0.71118535
./kiwi/Kiwi_266.jpg,kiwi,0.881797614
./avocado/Avocado_45.jpg,avocado,0.393477032
./strawberry/Strawberry_284.jpg,strawberry,0.204962055
./kiwi/Kiwi_109.jpg,kiwi,0.511570638
./banana/Banana_52.jpg,banana,0.177214355
./kiwi/Kiwi_185.jpg,kiwi,0.477794087
./orange/Orange_40.jpg,orange,0.513649423
./orange/Orange_51.jpg,orange,0.936775271
./avocado/Avocado_117.jpg,avocado,0.805757184
./avocado/Avocado_228.jpg,avocado,0.86063345
./banana/Banana_279.jpg,banana,0.722104103
./strawberry/Strawberry_265.jpg,strawberry,0.522063293
./avocado/Avocado_197.jpg,avocado,0.673984569
./banana/Banana_94.jpg,banana,0.971081318
./orange/Orange_83.jpg,orange,0.417748197
./kiwi/Kiwi_106.jpg,kiwi,0.803206976
./apple/Apple Braeburn_141.jpg,apple,0.802879499
./pineapple/Pineapple_159.jpg,pineapple,0.986414554
./apple/Apple Braeburn_287.jpg,apple,0.41376372
./kiwi/Kiwi_194.jpg,kiwi,0.989396133
./apple/Apple Braeburn_241.jpg,apple,0.021784984
./orange/Orange_132.jpg,orange,0.100652329
./pineapple/Pineapple_295.jpg,pineapple,0.2264054
./pineapple/Pineapple_156.jpg,pineapple,0.176280869
./apple/Apple Braeburn_77.jpg,apple,0.572062817
./pineapple/Pineapple_196.jpg,pineapple,0.66153735
./strawberry/Strawberry_151.jpg,strawberry,0.557432504
./avocado/Avocado_115.jpg,avocado,0.913739377
./apple/Apple Braeburn_48.jpg,apple,0.960252416
./kiwi/Kiwi_152.jpg,kiwi,0.519593391
./banana/Banana_286.jpg,banana,0.066784232
./strawberry/Strawberry_268.jpg,strawberry,0.378189454
./kiwi/Kiwi_201.jpg,kiwi,0.649463139
./orange/Orange_263.jpg,orange,0.557082928
./apple/Apple Braeburn_7.jpg,apple,0.191956895
./orange/Orange_139.jpg,orange,0.753512695
./kiwi/Kiwi_26.jpg,kiwi,0.591241264
./banana/Banana_233.jpg,banana,0.517385784
./kiwi/Kiwi_240.jpg,kiwi,0.916706663
./banana/Banana_61.jpg,banana,0.735969638
./avocado/Avocado_78.jpg,avocado,0.867539437
./strawberry/Strawberry_67.jpg,strawberry,0.631236763
./strawberry/Strawberry_46.jpg,strawberry,0.576278869
./orange/Orange_172.jpg,orange,0.351011526
./apple/Apple Braeburn_293.jpg,apple,0.090751346
./kiwi/Kiwi_285.jpg,kiwi,0.753953251
./pineapple/Pineapple_23.jpg,pineapple,0.079847013
./pineapple/Pineapple_219.jpg,pineapple,0.644473648
./pineapple/Pineapple_300.jpg,pineapple,0.962276075
./banana/Banana_127.jpg,banana,0.71162869
./strawberry/Strawberry_162.jpg,strawberry,0.815651794
./avocado/Avocado_62.jpg,avocado,0.208672639
./avocado/Avocado_191.jpg,avocado,0.88382249
./kiwi/Kiwi_143.jpg,kiwi,0.442640014
./banana/Banana_283.jpg,banana,0.234460814
./strawberry/Strawberry_220.jpg,strawberry,0.629827376
./avocado/Avocado_99.jpg,avocado,0.446962268
./apple/Apple Braeburn_283.jpg,apple,0.630404399
./strawberry/Strawberry_173.jpg,strawberry,0.313087748
./orange/Orange_235.jpg,orange,0.76873232
./apple/Apple Braeburn_290.jpg,apple,0.814157549
./apple/Apple Braeburn_268.jpg,apple,0.002937125
./apple/Apple Braeburn_80.jpg,apple,0.951532339
./avocado/Avocado_87.jpg,avocado,0.819049392
./apple/Apple Braeburn_99.jpg,apple,0.499160741
./apple/Apple Braeburn_299.jpg,apple,0.835322697
./orange/Orange_99.jpg,orange,0.288368129
./banana/Banana_285.jpg,banana,0.47814152
./strawberry/Strawberry_90.jpg,strawberry,0.814198131
./pineapple/Pineapple_134.jpg,pineapple,0.355289764
./kiwi/Kiwi_190.jpg,kiwi,0.593912368
./apple/Apple Braeburn_204.jpg,apple,0.443379428
./kiwi/Kiwi_30.jpg,kiwi,0.186265335
./apple/Apple Braeburn_273.jpg,apple,0.903962577
./avocado/Avocado_129.jpg,avocado,0.537743473
./orange/Orange_296.jpg,orange,0.614412157
./orange/Orange_46.jpg,orange,0.424646786
./orange/Orange_100.jpg,orange,0.844666441
./orange/Orange_207.jpg,orange,0.371497315
./strawberry/Strawberry_88.jpg,strawberry,0.267076468
./kiwi/Kiwi_231.jpg,kiwi,0.038903516
./kiwi/Kiwi_73.jpg,kiwi,0.042896803
./avocado/Avocado_41.jpg,avocado,0.861208395
./strawberry/Strawberry_195.jpg,strawberry,0.423385016
./pineapple/Pineapple_11.jpg,pineapple,0.414068529
./strawberry/Strawberry_150.jpg,strawberry,0.157366585
./banana/Banana_275.jpg,banana,0.731694001
./strawberry/Strawberry_63.jpg,strawberry,0.645375066
./apple/Apple Braeburn_239.jpg,apple,0.733922378
./kiwi/Kiwi_149.jpg,kiwi,0.183163431
./apple/Apple Braeburn_16.jpg,apple,0.763107021
./avocado/Avocado_283.jpg,avocado,0.688651699
./pineapple/Pineapple_163.jpg,pineapple,0.263248296
./banana/Banana_36.jpg,banana,0.004170385
./kiwi/Kiwi_244.jpg,kiwi,0.127345449
./orange/Orange_271.jpg,orange,0.417566019
./banana/Banana_294.jpg,banana,0.078513425
./kiwi/Kiwi_112.jpg,kiwi,0.109442488
./pineapple/Pineapple_241.jpg,pineapple,0.457526787
./kiwi/Kiwi_277.jpg,kiwi,0.511245687
./avocado/Avocado_298.jpg,avocado,0.780112617
./strawberry/Strawberry_38.jpg,strawberry,0.831627639
./strawberry/Strawberry_147.jpg,strawberry,0.227090227
./banana/Banana_34.jpg,banana,0.714449737
./apple/Apple Braeburn_186.jpg,apple,0.563989397
./strawberry/Strawberry_124.jpg,strawberry,0.046772686
./strawberry/Strawberry_30.jpg,strawberry,0.58329662
./strawberry/Strawberry_256.jpg,strawberry,0.710099779
./avocado/Avocado_70.jpg,avocado,0.59420285
./orange/Orange_267.jpg,orange,0.298531301
./pineapple/Pineapple_247.jpg,pineapple,0.378426772
./strawberry/Strawberry_51.jpg,strawberry,0.169135093
./pineapple/Pineapple_229.jpg,pineapple,0.837560181
./strawberry/Strawberry_213.jpg,strawberry,0.088083377
./avocado/Avocado_113.jpg,avocado,0.402812733
./pineapple/Pineapple_127.jpg,pineapple,0.354076228
./banana/Banana_41.jpg,banana,0.757171012
./banana/Banana_133.jpg,banana,0.710948691
./banana/Banana_45.jpg,banana,0.677875788
./orange/Orange_60.jpg,orange,0.660536034
./orange/Orange_147.jpg,orange,0.534675723
./pineapple/Pineapple_162.jpg,pineapple,0.752928818
./strawberry/Strawberry_43.jpg,strawberry,0.108383292
./pineapple/Pineapple_118.jpg,pineapple,0.328253584
./apple/Apple Braeburn_121.jpg,apple,0.662130436
./orange/Orange_150.jpg,orange,0.432689035
./orange/Orange_90.jpg,orange,0.648168943
./strawberry/Strawberry_171.jpg,strawberry,0.454269138
./kiwi/Kiwi_253.jpg,kiwi,0.316116654
./avocado/Avocado_216.jpg,avocado,0.491623096
./strawberry/Strawberry_165.jpg,strawberry,0.386043911
./strawberry/Strawberry_104.jpg,strawberry,0.370016685
./kiwi/Kiwi_274.jpg,kiwi,0.240231914
./kiwi/Kiwi_87.jpg,kiwi,0.60544414
./avocado/Avocado_222.jpg,avocado,0.995502282
./banana/Banana_297.jpg,banana,0.475895596
./orange/Orange_229.jpg,orange,0.198016051
./orange/Orange_17.jpg,orange,0.532168149
./banana/Banana_87.jpg,banana,0.749428362
./kiwi/Kiwi_144.jpg,kiwi,0.61069952
./orange/Orange_226.jpg,orange,0.394850985
./banana/Banana_149.jpg,banana,0.0742957
./kiwi/Kiwi_263.jpg,kiwi,0.370814913
./strawberry/Strawberry_208.jpg,strawberry,0.25921497
./pineapple/Pineapple_1.jpg,pineapple,0.274110012
./orange/Orange_39.jpg,orange,0.562024035
./banana/Banana_198.jpg,banana,0.288925941
./orange/Orange_169.jpg,orange,0.821343567
./orange/Orange_105.jpg,orange,0.62574579
./orange/Orange_47.jpg,orange,0.748260453
./banana/Banana_196.jpg,banana,0.75944799
./strawberry/Strawberry_100.jpg,strawberry,0.79661543
./avocado/Avocado_173.jpg,avocado,0.113870125
./orange/Orange_184.jpg,orange,0.361763638
./pineapple/Pineapple_194.jpg,pineapple,0.992586738
./pineapple/Pineapple_140.jpg,pineapple,0.437103531
./avocado/Avocado_12.jpg,avocado,0.468394293
./avocado/Avocado_42.jpg,avocado,0.096007161
./orange/Orange_107.jpg,orange,0.858457016
./strawberry/Strawberry_119.jpg,strawberry,0.451785538
./strawberry/Strawberry_247.jpg,strawberry,0.778743879
./apple/Apple Braeburn_201.jpg,apple,0.692443949
./strawberry/Strawberry_261.jpg,strawberry,0.996687192
./kiwi/Kiwi_129.jpg,kiwi,0.384130225
./banana/Banana_109.jpg,banana,0.156018431
./orange/Orange_273.jpg,orange,0.83176017
./apple/Apple Braeburn_74.jpg,apple,0.742363272
./pineapple/Pineapple_135.jpg,pineapple,0.52375976
./apple/Apple Braeburn_238.jpg,apple,0.25741336
./orange/Orange_78.jpg,orange,0.720359665
./orange/Orange_232.jpg,orange,0.86077479
./banana/Banana_66.jpg,banana,0.040925214
./apple/Apple Braeburn_17.jpg,apple,0.182799745
./banana/Banana_182.jpg,banana,0.049584996
./avocado/Avocado_90.jpg,avocado,0.502871524
./orange/Orange_300.jpg,orange,0.171005748
./banana/Banana_290.jpg,banana,0.348500214
./strawberry/Strawberry_248.jpg,strawberry,0.099193647
./kiwi/Kiwi_103.jpg,kiwi,0.438082671
./kiwi/Kiwi_44.jpg,kiwi,0.841520489
./pineapple/Pineapple_259.jpg,pineapple,0.891467089
./orange/Orange_98.jpg,orange,0.855340642
./banana/Banana_223.jpg,banana,0.783832903
./avocado/Avocado_300.jpg,avocado,0.947524526
./avocado/Avocado_227.jpg,avocado,0.73958384
./orange/Orange_275.jpg,orange,0.046975563
./avocado/Avocado_150.jpg,avocado,0.781267105
./orange/Orange_65.jpg,orange,0.130583377
./kiwi/Kiwi_29.jpg,kiwi,0.533415074
./kiwi/Kiwi_54.jpg,kiwi,0.938640608
./avocado/Avocado_58.jpg,avocado,0.833728427
./banana/Banana_23.jpg,banana,0.183106978
./strawberry/Strawberry_200.jpg,strawberry,0.532027693
./apple/Apple Braeburn_207.jpg,apple,0.372527424
./pineapple/Pineapple_99.jpg,pineapple,0.185894319
./pineapple/Pineapple_236.jpg,pineapple,0.481899382
./pineapple/Pineapple_56.jpg,pineapple,0.844648724
./kiwi/Kiwi_56.jpg,kiwi,0.21852021
./pineapple/Pineapple_83.jpg,pineapple,0.317559738
./orange/Orange_9.jpg,orange,0.68982977
./avocado/Avocado_238.jpg,avocado,0.510124887
./avocado/Avocado_167.jpg,avocado,0.308436987
./orange/Orange_148.jpg,orange,0.435174213
./kiwi/Kiwi_132.jpg,kiwi,0.209189126
./kiwi/Kiwi_199.jpg,kiwi,0.62505454
./apple/Apple Braeburn_140.jpg,apple,0.127943897
./kiwi/Kiwi_127.jpg,kiwi,0.762958735
./kiwi/Kiwi_293.jpg,kiwi,0.625118041
./strawberry/Strawberry_169.jpg,strawberry,0.875417874
./pineapple/Pineapple_150.jpg,pineapple,0.354861328
./strawberry/Strawberry_294.jpg,strawberry,0.368109721
./orange/Orange_66.jpg,orange,0.042500737
./orange/Orange_171.jpg,orange,0.433384945
./banana/Banana_173.jpg,banana,0.84100243
./pineapple/Pineapple_69.jpg,pineapple,0.107463999
./pineapple/Pineapple_70.jpg,pineapple,0.44200077
./banana/Banana_257.jpg,banana,0.490893032
./banana/Banana_156.jpg,banana,0.965521881
./apple/Apple Braeburn_92.jpg,apple,0.767743479
./strawberry/Strawberry_240.jpg,strawberry,0.70382285
./strawberry/Strawberry_137.jpg,strawberry,0.370076176
./avocado/Avocado_14.jpg,avocado,0.832920734
./pineapple/Pineapple_92.jpg,pineapple,0.276907016
./strawberry/Strawberry_149.jpg,strawberry,0.508753769
./pineapple/Pineapple_97.jpg,pineapple,0.9970325
./strawberry/Strawberry_12.jpg,strawberry,0.590700835
./strawberry/Strawberry_125.jpg,strawberry,0.074923103
./pineapple/Pineapple_221.jpg,pineapple,0.040659582
./apple/Apple Braeburn_247.jpg,apple,0.462086736
./strawberry/Strawberry_264.jpg,strawberry,0.892650227
./apple/Apple Braeburn_274.jpg,apple,0.659363451
./apple/Apple Braeburn_62.jpg,apple,0.189082374
./avocado/Avocado_248.jpg,avocado,0.407171835
./pineapple/Pineapple_81.jpg,pineapple,0.217176684
./banana/Banana_220.jpg,banana,0.052614433
./strawberry/Strawberry_297.jpg,strawberry,0.63111844
./orange/Orange_95.jpg,orange,0.011462306
./strawberry/Strawberry_187.jpg,strawberry,0.805601377
./apple/Apple Braeburn_8.jpg,apple,0.552340029
./kiwi/Kiwi_291.jpg,kiwi,0.220534777
./strawberry/Strawberry_142.jpg,strawberry,0.961912649
./apple/Apple Braeburn_194.jpg,apple,0.019876184
./strawberry/Strawberry_209.jpg,strawberry,0.488281911
./kiwi/Kiwi_219.jpg,kiwi,0.974833323
./apple/Apple Braeburn_261.jpg,apple,0.929411326
./avocado/Avocado_69.jpg,avocado,0.850003285
./orange/Orange_195.jpg,orange,0.616333335
./avocado/Avocado_271.jpg,avocado,0.3242505
./kiwi/Kiwi_286.jpg,kiwi,0.791418128
./banana/Banana_254.jpg,banana,0.383825102
./banana/Banana_24.jpg,banana,0.675667046
./pineapple/Pineapple_12.jpg,pineapple,0.616798699
./pineapple/Pineapple_201.jpg,pineapple,0.893239956
./banana/Banana_295.jpg,banana,0.75005365
./kiwi/Kiwi_15.jpg,kiwi,0.944262812
./apple/Apple Braeburn_21.jpg,apple,0.145925315
./apple/Apple Braeburn_35.jpg,apple,0.237032135
./kiwi/Kiwi_289.jpg,kiwi,0.910353646
./kiwi/Kiwi_135.jpg,kiwi,0.256641866
./orange/Orange_145.jpg,orange,0.247541373
./banana/Banana_187.jpg,banana,0.022118838
./strawberry/Strawberry_69.jpg,strawberry,0.569245247
./orange/Orange_218.jpg,orange,0.173543425
./avocado/Avocado_28.jpg,avocado,0.210050803
./avocado/Avocado_290.jpg,avocado,0.811194693
./strawberry/Strawberry_160.jpg,strawberry,0.529377919
./kiwi/Kiwi_22.jpg,kiwi,0.336024626
./strawberry/Strawberry_41.jpg,strawberry,0.842493508
./pineapple/Pineapple_161.jpg,pineapple,0.657499132
./apple/Apple Braeburn_272.jpg,apple,0.384772065
./avocado/Avocado_127.jpg,avocado,0.500110015
./avocado/Avocado_247.jpg,avocado,0.584286806
./pineapple/Pineapple_67.jpg,pineapple,0.926687423
./apple/Apple Braeburn_265.jpg,apple,0.945568593
./pineapple/Pineapple_138.jpg,pineapple,0.219994341
./apple/Apple Braeburn_213.jpg,apple,0.847419664
./kiwi/Kiwi_237.jpg,kiwi,0.181960321
./strawberry/Strawberry_224.jpg,strawberry,0.44099997
./kiwi/Kiwi_227.jpg,kiwi,0.747834523
./avocado/Avocado_108.jpg,avocado,0.585083252
./strawberry/Strawberry_172.jpg,strawberry,0.380178594
./strawberry/Strawberry_241.jpg,strawberry,0.759546124
./kiwi/Kiwi_75.jpg,kiwi,0.24589859
./orange/Orange_228.jpg,orange,0.393766288
./banana/Banana_188.jpg,banana,0.873733408
./kiwi/Kiwi_67.jpg,kiwi,0.231103753
./pineapple/Pineapple_120.jpg,pineapple,0.544964954
./strawberry/Strawberry_168.jpg,strawberry,0.797116541
./avocado/Avocado_189.jpg,avocado,0.961371832
./kiwi/Kiwi_105.jpg,kiwi,0.152851485
./avocado/Avocado_261.jpg,avocado,0.213217874
./apple/Apple Braeburn_233.jpg,apple,0.972049234
./apple/Apple Braeburn_97.jpg,apple,0.69033169
./avocado/Avocado_23.jpg,avocado,0.190435893
./avocado/Avocado_4.jpg,avocado,0.83385574
./strawberry/Strawberry_164.jpg,strawberry,0.400757346
./orange/Orange_85.jpg,orange,0.6278845
./kiwi/Kiwi_36.jpg,kiwi,0.190033212
./apple/Apple Braeburn_256.jpg,apple,0.23969709
./apple/Apple Braeburn_189.jpg,apple,0.311251072
./banana/Banana_140.jpg,banana,0.897796984
./avocado/Avocado_72.jpg,avocado,0.470989505
./apple/Apple Braeburn_144.jpg,apple,0.628787063
./apple/Apple Braeburn_173.jpg,apple,0.222561948
./orange/Orange_143.jpg,orange,0.889162432
./pineapple/Pineapple_220.jpg,pineapple,0.899704845
./banana/Banana_164.jpg,banana,0.478003832
./apple/Apple Braeburn_288.jpg,apple,0.033483633
./avocado/Avocado_17.jpg,avocado,0.627842204
./avocado/Avocado_55.jpg,avocado,0.737714319
./banana/Banana_171.jpg,banana,0.282797129
./banana/Banana_49.jpg,banana,0.211341857
./strawberry/Strawberry_8.jpg,strawberry,0.583913881
./avocado/Avocado_187.jpg,avocado,0.791802805
./pineapple/Pineapple_186.jpg,pineapple,0.108145081
./avocado/Avocado_111.jpg,avocado,0.669386022
./pineapple/Pineapple_192.jpg,pineapple,0.272794238
./orange/Orange_133.jpg,orange,0.490241893
./pineapple/Pineapple_21.jpg,pineapple,0.920830377
./kiwi/Kiwi_257.jpg,kiwi,0.130116367
./pineapple/Pineapple_91.jpg,pineapple,0.871223754
./apple/Apple Braeburn_60.jpg,apple,0.813100092
./avocado/Avocado_138.jpg,avocado,0.668606781
./avocado/Avocado_25.jpg,avocado,0.751395723
./orange/Orange_205.jpg,orange,0.720829333
./banana/Banana_28.jpg,banana,0.737022145
./apple/Apple Braeburn_197.jpg,apple,0.730501089
./strawberry/Strawberry_107.jpg,strawberry,0.082818816
./strawberry/Strawberry_115.jpg,strawberry,0.47276357
./avocado/Avocado_225.jpg,avocado,0.258647023
./apple/Apple Braeburn_55.jpg,apple,0.166142242
./pineapple/Pineapple_178.jpg,pineapple,0.371177416
./banana/Banana_8.jpg,banana,0.020410803
./kiwi/Kiwi_156.jpg,kiwi,0.715900365
./kiwi/Kiwi_296.jpg,kiwi,0.424403093
./avocado/Avocado_94.jpg,avocado,0.602433328
./avocado/Avocado_284.jpg,avocado,0.209009682
./avocado/Avocado_244.jpg,avocado,0.204524191
./pineapple/Pineapple_274.jpg,pineapple,0.482719357
./orange/Orange_258.jpg,orange,0.029885672
./avocado/Avocado_147.jpg,avocado,0.397361644
./avocado/Avocado_80.jpg,avocado,0.130877576
./strawberry/Strawberry_219.jpg,strawberry,0.690760951
./apple/Apple Braeburn_164.jpg,apple,0.954544863
./pineapple/Pineapple_68.jpg,pineapple,0.658571307
./avocado/Avocado_214.jpg,avocado,0.152930703
./strawberry/Strawberry_254.jpg,strawberry,0.143616058
./pineapple/Pineapple_124.jpg,pineapple,0.340645539
./strawberry/Strawberry_93.jpg,strawberry,0.237782914
./orange/Orange_242.jpg,orange,0.885860774
./pineapple/Pineapple_34.jpg,pineapple,0.730521893
./kiwi/Kiwi_264.jpg,kiwi,0.704144334
./strawberry/Strawberry_251.jpg,strawberry,0.815646807
./pineapple/Pineapple_111.jpg,pineapple,0.578754808
./banana/Banana_121.jpg,banana,0.586360975
./kiwi/Kiwi_242.jpg,kiwi,0.997046315
./strawberry/Strawberry_270.jpg,strawberry,0.479242968
./kiwi/Kiwi_77.jpg,kiwi,0.822252398
./pineapple/Pineapple_33.jpg,pineapple,0.484046481
./avocado/Avocado_3.jpg,avocado,0.935819415
./banana/Banana_86.jpg,banana,0.514653818
./banana/Banana_262.jpg,banana,0.369736677
./kiwi/Kiwi_27.jpg,kiwi,0.431786499
./apple/Apple Braeburn_248.jpg,apple,0.660918369
./avocado/Avocado_31.jpg,avocado,0.03135733
./orange/Orange_154.jpg,orange,0.692433477
./pineapple/Pineapple_245.jpg,pineapple,0.472425938
./avocado/Avocado_91.jpg,avocado,0.539926385
./pineapple/Pineapple_5.jpg,pineapple,0.847129022
./banana/Banana_226.jpg,banana,0.547100317
./avocado/Avocado_190.jpg,avocado,0.123488474
./pineapple/Pineapple_6.jpg,pineapple,0.734299568
./orange/Orange_108.jpg,orange,0.220177998
./orange/Orange_15.jpg,orange,0.099679408
./strawberry/Strawberry_236.jpg,strawberry,0.547470621
./orange/Orange_79.jpg,orange,0.899832912
./apple/Apple Braeburn_205.jpg,apple,0.088716234
./avocado/Avocado_52.jpg,avocado,0.588295459
./strawberry/Strawberry_227.jpg,strawberry,0.893941674
./orange/Orange_194.jpg,orange,0.224027918
./avocado/Avocado_136.jpg,avocado,0.184469978
./avocado/Avocado_243.jpg,avocado,0.667298638
./pineapple/Pineapple_269.jpg,pineapple,0.063497731
./avocado/Avocado_202.jpg,avocado,0.19683433
./kiwi/Kiwi_137.jpg,kiwi,0.157793015
./pineapple/Pineapple_106.jpg,pineapple,0.553033181
./orange/Orange_74.jpg,orange,0.125877061
./orange/Orange_216.jpg,orange,0.720230466
./banana/Banana_238.jpg,banana,0.729924341
./pineapple/Pineapple_112.jpg,pineapple,0.15166947
./pineapple/Pineapple_240.jpg,pineapple,0.329024352
./apple/Apple Braeburn_297.jpg,apple,0.877155062
./apple/Apple Braeburn_155.jpg,apple,0.571561939
./avocado/Avocado_65.jpg,avocado,0.078102361
./pineapple/Pineapple_37.jpg,pineapple,0.654529084
./banana/Banana_162.jpg,banana,0.328476981
./orange/Orange_156.jpg,orange,0.628870045
./avocado/Avocado_198.jpg,avocado,0.212569907
./pineapple/Pineapple_296.jpg,pineapple,0.798226944
./apple/Apple Braeburn_37.jpg,apple,0.402352068
./pineapple/Pineapple_273.jpg,pineapple,0.199314537
./avocado/Avocado_235.jpg,avocado,0.423258109
./orange/Orange_103.jpg,orange,0.394690145
./apple/Apple Braeburn_143.jpg,apple,0.39374037
./pineapple/Pineapple_19.jpg,pineapple,0.260209224
./strawberry/Strawberry_222.jpg,strawberry,0.723972143
./banana/Banana_204.jpg,banana,0.810010567
./pineapple/Pineapple_3.jpg,pineapple,0.390793834
./kiwi/Kiwi_6.jpg,kiwi,0.018147084
./banana/Banana_225.jpg,banana,0.133064321
./kiwi/Kiwi_39.jpg,kiwi,0.929504449
./strawberry/Strawberry_146.jpg,strawberry,0.348852462
./apple/Apple Braeburn_185.jpg,apple,0.372180312
./orange/Orange_223.jpg,orange,0.719581538
./strawberry/Strawberry_103.jpg,strawberry,0.240341731
./avocado/Avocado_118.jpg,avocado,0.381844774
./pineapple/Pineapple_151.jpg,pineapple,0.320187913
./kiwi/Kiwi_245.jpg,kiwi,0.667107602
./pineapple/Pineapple_233.jpg,pineapple,0.460153406
./kiwi/Kiwi_98.jpg,kiwi,0.980280121
./banana/Banana_51.jpg,banana,0.088426664
./apple/Apple Braeburn_148.jpg,apple,0.293709541
./banana/Banana_166.jpg,banana,0.236859871
./strawberry/Strawberry_242.jpg,strawberry,0.376386441
./avocado/Avocado_68.jpg,avocado,0.62546588
./strawberry/Strawberry_287.jpg,strawberry,0.244500033
./apple/Apple Braeburn_84.jpg,apple,0.294696655
./kiwi/Kiwi_37.jpg,kiwi,0.110902591
./kiwi/Kiwi_124.jpg,kiwi,0.367535958
./strawberry/Strawberry_198.jpg,strawberry,0.913632185
./apple/Apple Braeburn_50.jpg,apple,0.379643188
./pineapple/Pineapple_79.jpg,pineapple,0.940114258
./strawberry/Strawberry_184.jpg,strawberry,0.265418866
./kiwi/Kiwi_173.jpg,kiwi,0.259335883
./pineapple/Pineapple_251.jpg,pineapple,0.425768471
./pineapple/Pineapple_96.jpg,pineapple,0.018273957
./kiwi/Kiwi_71.jpg,kiwi,0.583671701
./kiwi/Kiwi_139.jpg,kiwi,0.488884912
./banana/Banana_213.jpg,banana,0.735984156
./apple/Apple Braeburn_224.jpg,apple,0.753447629
./pineapple/Pineapple_62.jpg,pineapple,0.783912153
./strawberry/Strawberry_290.jpg,strawberry,0.583937625
./apple/Apple Braeburn_215.jpg,apple,0.961029061
./pineapple/Pineapple_46.jpg,pineapple,0.842162435
./kiwi/Kiwi_180.jpg,kiwi,0.602448481
./avocado/Avocado_83.jpg,avocado,0.661601475
./orange/Orange_5.jpg,orange,0.537388105
./kiwi/Kiwi_225.jpg,kiwi,0.339232089
./orange/Orange_55.jpg,orange,0.948604999
./strawberry/Strawberry_156.jpg,strawberry,0.619628637
./strawberry/Strawberry_249.jpg,strawberry,0.278472642
./apple/Apple Braeburn_116.jpg,apple,0.306492015
./strawberry/Strawberry_117.jpg,strawberry,0.841377904
./pineapple/Pineapple_267.jpg,pineapple,0.254852166
./apple/Apple Braeburn_125.jpg,apple,0.600862468
./banana/Banana_84.jpg,banana,0.251632613
./banana/Banana_130.jpg,banana,0.100166797
./avocado/Avocado_177.jpg,avocado,0.254887585
./pineapple/Pineapple_277.jpg,pineapple,0.401339896
./apple/Apple Braeburn_76.jpg,apple,0.997222694
./kiwi/Kiwi_66.jpg,kiwi,0.989761149
./apple/Apple Braeburn_2.jpg,apple,0.435617808
./strawberry/Strawberry_277.jpg,strawberry,0.408184007
./pineapple/Pineapple_143.jpg,pineapple,0.901495707
./banana/Banana_134.jpg,banana,0.378043186
./strawberry/Strawberry_134.jpg,strawberry,0.59128789
./orange/Orange_262.jpg,orange,0.16669074
./orange/Orange_297.jpg,orange,0.31361318
./banana/Banana_103.jpg,banana,0.948678715
./avocado/Avocado_282.jpg,avocado,0.211459145
./pineapple/Pineapple_89.jpg,pineapple,0.711283877
./orange/Orange_227.jpg,orange,0.455762369
./pineapple/Pineapple_0.jpg,pineapple,0.56509958
./banana/Banana_146.jpg,banana,0.20603113
./apple/Apple Braeburn_171.jpg,apple,0.113236721
./kiwi/Kiwi_78.jpg,kiwi,0.217568238
./avocado/Avocado_234.jpg,avocado,0.396536941
./avocado/Avocado_218.jpg,avocado,0.125239337
./pineapple/Pineapple_235.jpg,pineapple,0.630558511
./strawberry/Strawberry_33.jpg,strawberry,0.742142115
./pineapple/Pineapple_60.jpg,pineapple,0.785753823
./banana/Banana_194.jpg,banana,0.738372553
./orange/Orange_247.jpg,orange,0.078669855
./orange/Orange_295.jpg,orange,0.655286284
./banana/Banana_229.jpg,banana,0.379233474
./kiwi/Kiwi_171.jpg,kiwi,0.748368414
./strawberry/Strawberry_229.jpg,strawberry,0.949735271
./orange/Orange_48.jpg,orange,0.659091039
./apple/Apple Braeburn_269.jpg,apple,0.222427617
./banana/Banana_38.jpg,banana,0.754742693
./pineapple/Pineapple_142.jpg,pineapple,0.66874013
./orange/Orange_149.jpg,orange,0.715085363
./kiwi/Kiwi_188.jpg,kiwi,0.215125933
./orange/Orange_234.jpg,orange,0.730910209
./banana/Banana_255.jpg,banana,0.893266187
./strawberry/Strawberry_274.jpg,strawberry,0.320781119
./kiwi/Kiwi_241.jpg,kiwi,0.506940093
./kiwi/Kiwi_115.jpg,kiwi,0.815833407
./banana/Banana_113.jpg,banana,0.225506291
./strawberry/Strawberry_114.jpg,strawberry,0.663175043
./kiwi/Kiwi_271.jpg,kiwi,0.358475218
./apple/Apple Braeburn_223.jpg,apple,0.126250039
./pineapple/Pineapple_218.jpg,pineapple,0.068733608
./kiwi/Kiwi_42.jpg,kiwi,0.871435044
./strawberry/Strawberry_66.jpg,strawberry,0.536031841
./pineapple/Pineapple_98.jpg,pineapple,0.540238066
./orange/Orange_115.jpg,orange,0.879010352
./strawberry/Strawberry_20.jpg,strawberry,0.910398133
./kiwi/Kiwi_294.jpg,kiwi,0.725920787
./orange/Orange_129.jpg,orange,0.372152548
./strawberry/Strawberry_128.jpg,strawberry,0.395206347
./avocado/Avocado_192.jpg,avocado,0.124229029
./pineapple/Pineapple_280.jpg,pineapple,0.676622903
./avocado/Avocado_64.jpg,avocado,0.071824011
./apple/Apple Braeburn_36.jpg,apple,0.817302635
./orange/Orange_292.jpg,orange,0.168188524
./strawberry/Strawberry_179.jpg,strawberry,0.577582765
./pineapple/Pineapple_31.jpg,pineapple,0.686742473
./pineapple/Pineapple_292.jpg,pineapple,0.764294244
./kiwi/Kiwi_184.jpg,kiwi,0.191740895
./banana/Banana_82.jpg,banana,0.443650888
./banana/Banana_155.jpg,banana,0.122642932
./banana/Banana_212.jpg,banana,0.85938328
./apple/Apple Braeburn_240.jpg,apple,0.890127849
./strawberry/Strawberry_180.jpg,strawberry,0.078229992
./avocado/Avocado_38.jpg,avocado,0.321391001
./kiwi/Kiwi_290.jpg,kiwi,0.428466126
./kiwi/Kiwi_175.jpg,kiwi,0.810196919
./apple/Apple Braeburn_22.jpg,apple,0.801790987
./pineapple/Pineapple_299.jpg,pineapple,0.508360119
./avocado/Avocado_73.jpg,avocado,0.857587709
./avocado/Avocado_122.jpg,avocado,0.808714041
./apple/Apple Braeburn_152.jpg,apple,0.030994745
./banana/Banana_48.jpg,banana,0.242018516
./kiwi/Kiwi_35.jpg,kiwi,0.79989824
./pineapple/Pineapple_248.jpg,pineapple,0.044500287
./strawberry/Strawberry_10.jpg,strawberry,0.018411024
./strawberry/Strawberry_266.jpg,strawberry,0.935326884
./banana/Banana_77.jpg,banana,0.984454913
./strawberry/Strawberry_176.jpg,strawberry,0.59814594
./pineapple/Pineapple_40.jpg,pineapple,0.044722288
./pineapple/Pineapple_165.jpg,pineapple,0.888957254
./kiwi/Kiwi_167.jpg,kiwi,0.728948767
./pineapple/Pineapple_38.jpg,pineapple,0.202959166
./banana/Banana_184.jpg,banana,0.721162555
./kiwi/Kiwi_33.jpg,kiwi,0.814201573
./banana/Banana_96.jpg,banana,0.130973486
./kiwi/Kiwi_147.jpg,kiwi,0.840373446
./kiwi/Kiwi_76.jpg,kiwi,0.594903291
./avocado/Avocado_296.jpg,avocado,0.175273961
./strawberry/Strawberry_178.jpg,strawberry,0.25489633
./avocado/Avocado_104.jpg,avocado,0.59620284
./avocado/Avocado_289.jpg,avocado,0.238218599
./apple/Apple Braeburn_275.jpg,apple,0.95054902
./apple/Apple Braeburn_88.jpg,apple,0.989493562
./avocado/Avocado_77.jpg,avocado,0.456150871
./banana/Banana_22.jpg,banana,0.051938344
./strawberry/Strawberry_157.jpg,strawberry,0.997681124
./pineapple/Pineapple_232.jpg,pineapple,0.175609182
./orange/Orange_187.jpg,orange,0.787210801
./apple/Apple Braeburn_284.jpg,apple,0.124186997
./orange/Orange_44.jpg,orange,0.89436048
./banana/Banana_239.jpg,banana,0.530210609
./apple/Apple Braeburn_220.jpg,apple,0.094058717
./orange/Orange_33.jpg,orange,0.501411431
./apple/Apple Braeburn_251.jpg,apple,0.220943902
./kiwi/Kiwi_283.jpg,kiwi,0.003747639
./apple/Apple Braeburn_65.jpg,apple,0.070260542
./kiwi/Kiwi_95.jpg,kiwi,0.014297384
./orange/Orange_198.jpg,orange,0.81457989
./apple/Apple Braeburn_44.jpg,apple,0.822282421
./banana/Banana_14.jpg,banana,0.524577041
./kiwi/Kiwi_247.jpg,kiwi,0.2269837
./orange/Orange_8.jpg,orange,0.690331505
./apple/Apple Braeburn_217.jpg,apple,0.121103474
./banana/Banana_247.jpg,banana,0.215531645
./pineapple/Pineapple_42.jpg,pineapple,0.382120546
./apple/Apple Braeburn_232.jpg,apple,0.263752417
./pineapple/Pineapple_95.jpg,pineapple,0.02599497
./apple/Apple Braeburn_258.jpg,apple,0.351527521
./kiwi/Kiwi_300.jpg,kiwi,0.410253561
./strawberry/Strawberry_237.jpg,strawberry,0.299633688
./kiwi/Kiwi_48.jpg,kiwi,0.765822305
./orange/Orange_294.jpg,orange,0.557444174
./banana/Banana_58.jpg,banana,0.436377375
./pineapple/Pineapple_181.jpg,pineapple,0.985984698
./kiwi/Kiwi_81.jpg,kiwi,0.680300836
./strawberry/Strawberry_123.jpg,strawberry,0.140477334
./avocado/Avocado_231.jpg,avocado,0.724081615
./orange/Orange_239.jpg,orange,0.311085268
./pineapple/Pineapple_185.jpg,pineapple,0.218478463
./orange/Orange_206.jpg,orange,0.203541699
./banana/Banana_246.jpg,banana,0.66971206
./apple/Apple Braeburn_5.jpg,apple,0.089606694
./banana/Banana_272.jpg,banana,0.784073476
./avocado/Avocado_103.jpg,avocado,0.671915609
./strawberry/Strawberry_22.jpg,strawberry,0.214053857
./kiwi/Kiwi_4.jpg,kiwi,0.567492621
./kiwi/Kiwi_276.jpg,kiwi,0.216831937
./strawberry/Strawberry_32.jpg,strawberry,0.5173743
./kiwi/Kiwi_89.jpg,kiwi,0.700477691
./strawberry/Strawberry_0.jpg,strawberry,0.033703164
./kiwi/Kiwi_64.jpg,kiwi,0.876706494
./kiwi/Kiwi_52.jpg,kiwi,0.377877882
./pineapple/Pineapple_204.jpg,pineapple,0.608000793
./banana/Banana_154.jpg,banana,0.514383407
./banana/Banana_47.jpg,banana,0.243666979
./banana/Banana_150.jpg,banana,0.145315211
./banana/Banana_59.jpg,banana,0.79427609
./banana/Banana_200.jpg,banana,0.016352057
./strawberry/Strawberry_35.jpg,strawberry,0.837559787
./pineapple/Pineapple_203.jpg,pineapple,0.531790034
./apple/Apple Braeburn_142.jpg,apple,0.537090429
./avocado/Avocado_66.jpg,avocado,0.195789593
./banana/Banana_119.jpg,banana,0.406240981
./strawberry/Strawberry_217.jpg,strawberry,0.719030251
./apple/Apple Braeburn_120.jpg,apple,0.441353037
./apple/Apple Braeburn_211.jpg,apple,0.805158397
./strawberry/Strawberry_259.jpg,strawberry,0.455331914
./banana/Banana_141.jpg,banana,0.562950673
./apple/Apple Braeburn_130.jpg,apple,0.519881147
./pineapple/Pineapple_25.jpg,pineapple,0.745927633
./banana/Banana_231.jpg,banana,0.596997451
./strawberry/Strawberry_183.jpg,strawberry,0.12433732
./apple/Apple Braeburn_0.jpg,apple,0.889524676
./avocado/Avocado_160.jpg,avocado,0.369237232
./strawberry/Strawberry_158.jpg,strawberry,0.340183665
./strawberry/Strawberry_230.jpg,strawberry,0.440640721
./pineapple/Pineapple_291.jpg,pineapple,0.963319276
./orange/Orange_49.jpg,orange,0.114393016
./orange/Orange_225.jpg,orange,0.507228345
./pineapple/Pineapple_90.jpg,pineapple,0.192397374
./pineapple/Pineapple_50.jpg,pineapple,0.504402463
./apple/Apple Braeburn_127.jpg,apple,0.929155974
./orange/Orange_176.jpg,orange,0.856140942
./orange/Orange_243.jpg,orange,0.563421493
./strawberry/Strawberry_191.jpg,strawberry,0.886163228
./avocado/Avocado_249.jpg,avocado,0.479442316
./pineapple/Pineapple_26.jpg,pineapple,0.531495534
./kiwi/Kiwi_97.jpg,kiwi,0.252893344
./banana/Banana_21.jpg,banana,0.918039323
./kiwi/Kiwi_13.jpg,kiwi,0.349052665
./kiwi/Kiwi_230.jpg,kiwi,0.774908699
./strawberry/Strawberry_3.jpg,strawberry,0.763056954
./apple/Apple Braeburn_170.jpg,apple,0.407757872
./avocado/Avocado_176.jpg,avocado,0.08775102
./strawberry/Strawberry_276.jpg,strawberry,0.783763891
./pineapple/Pineapple_63.jpg,pineapple,0.914492395
./kiwi/Kiwi_146.jpg,kiwi,0.849324838
./orange/Orange_28.jpg,orange,0.337541462
./pineapple/Pineapple_268.jpg,pineapple,0.649192729
./kiwi/Kiwi_279.jpg,kiwi,0.480879765
./orange/Orange_202.jpg,orange,0.507916484
./apple/Apple Braeburn_139.jpg,apple,0.93137041
./strawberry/Strawberry_13.jpg,strawberry,0.730951708
./kiwi/Kiwi_272.jpg,kiwi,0.653512229
./kiwi/Kiwi_299.jpg,kiwi,0.833941451
./apple/Apple Braeburn_113.jpg,apple,0.639539775
./avocado/Avocado_209.jpg,avocado,0.012995971
./banana/Banana_160.jpg,banana,0.232001415
./pineapple/Pineapple_183.jpg,pineapple,0.275809668
./apple/Apple Braeburn_179.jpg,apple,0.619237626
./apple/Apple Braeburn_81.jpg,apple,0.063454737
./strawberry/Strawberry_42.jpg,strawberry,0.625031737
./avocado/Avocado_181.jpg,avocado,0.163981164
./apple/Apple Braeburn_134.jpg,apple,0.056104923
./orange/Orange_269.jpg,orange,0.59140374
./strawberry/Strawberry_182.jpg,strawberry,0.49949421
./banana/Banana_159.jpg,banana,0.502103403
./apple/Apple Braeburn_71.jpg,apple,0.981880237
./avocado/Avocado_277.jpg,avocado,0.066295507
./kiwi/Kiwi_228.jpg,kiwi,0.488701213
./avocado/Avocado_81.jpg,avocado,0.871659731
./avocado/Avocado_175.jpg,avocado,0.395559083
./orange/Orange_110.jpg,orange,0.265183374
./kiwi/Kiwi_170.jpg,kiwi,0.470213553
./banana/Banana_168.jpg,banana,0.130203463
./kiwi/Kiwi_191.jpg,kiwi,0.880912398
./apple/Apple Braeburn_249.jpg,apple,0.385811999
./strawberry/Strawberry_252.jpg,strawberry,0.367574607
./banana/Banana_193.jpg,banana,0.349932368
./banana/Banana_195.jpg,banana,0.800598642
./banana/Banana_3.jpg,banana,0.194307706
./avocado/Avocado_27.jpg,avocado,0.969951206
./kiwi/Kiwi_108.jpg,kiwi,0.667180792
./strawberry/Strawberry_120.jpg,strawberry,0.553875102
./avocado/Avocado_299.jpg,avocado,0.526496184
./kiwi/Kiwi_59.jpg,kiwi,0.022503703
./banana/Banana_230.jpg,banana,0.322479453
./kiwi/Kiwi_238.jpg,kiwi,0.460385925
./pineapple/Pineapple_228.jpg,pineapple,0.964940645
./pineapple/Pineapple_250.jpg,pineapple,0.912416046
./orange/Orange_211.jpg,orange,0.184748953
./orange/Orange_209.jpg,orange,0.3355969
./orange/Orange_50.jpg,orange,0.628677711
./strawberry/Strawberry_74.jpg,strawberry,0.798015218
./kiwi/Kiwi_50.jpg,kiwi,0.543924115
./apple/Apple Braeburn_78.jpg,apple,0.766314215
./apple/Apple Braeburn_135.jpg,apple,0.432803765
./apple/Apple Braeburn_95.jpg,apple,0.369311484
./kiwi/Kiwi_222.jpg,kiwi,0.138372018
./avocado/Avocado_35.jpg,avocado,0.983914901
./pineapple/Pineapple_136.jpg,pineapple,0.969245057
./kiwi/Kiwi_246.jpg,kiwi,0.743334032
./apple/Apple Braeburn_18.jpg,apple,0.83850548
./kiwi/Kiwi_214.jpg,kiwi,0.708685335
./apple/Apple Braeburn_122.jpg,apple,0.191179582
./avocado/Avocado_26.jpg,avocado,0.542340564
./strawberry/Strawberry_77.jpg,strawberry,0.139496957
./pineapple/Pineapple_85.jpg,pineapple,0.532127228
./apple/Apple Braeburn_105.jpg,apple,0.555254648
./apple/Apple Braeburn_277.jpg,apple,0.078344946
./strawberry/Strawberry_78.jpg,strawberry,0.695725756
./banana/Banana_153.jpg,banana,0.207996079
./apple/Apple Braeburn_254.jpg,apple,0.408548804
./kiwi/Kiwi_11.jpg,kiwi,0.558262757
./avocado/Avocado_74.jpg,avocado,0.278377511
./apple/Apple Braeburn_174.jpg,apple,0.191069921
./avocado/Avocado_130.jpg,avocado,0.842555567
./apple/Apple Braeburn_147.jpg,apple,0.14899825
./pineapple/Pineapple_226.jpg,pineapple,0.00331613
./orange/Orange_77.jpg,orange,0.570370692
./banana/Banana_183.jpg,banana,0.049228545
./apple/Apple Braeburn_216.jpg,apple,0.197379668
./pineapple/Pineapple_276.jpg,pineapple,0.318243153
./banana/Banana_16.jpg,banana,0.270836405
./strawberry/Strawberry_26.jpg,strawberry,0.478541352
./kiwi/Kiwi_195.jpg,kiwi,0.908808494
./apple/Apple Braeburn_259.jpg,apple,0.727476973
./banana/Banana_68.jpg,banana,0.356625973
./avocado/Avocado_84.jpg,avocado,0.791714064
./strawberry/Strawberry_122.jpg,strawberry,0.596436707
./banana/Banana_177.jpg,banana,0.990020395
./pineapple/Pineapple_49.jpg,pineapple,0.795296167
./pineapple/Pineapple_72.jpg,pineapple,0.637830077
./strawberry/Strawberry_263.jpg,strawberry,0.377457138
./kiwi/Kiwi_141.jpg,kiwi,0.701350006
./orange/Orange_117.jpg,orange,0.433169735
./banana/Banana_169.jpg,banana,0.406652006
./strawberry/Strawberry_300.jpg,strawberry,0.522154091
./avocado/Avocado_16.jpg,avocado,0.045262043
./apple/Apple Braeburn_262.jpg,apple,0.908292302
./banana/Banana_214.jpg,banana,0.532334986
./apple/Apple Braeburn_253.jpg,apple,0.687591284
./apple/Apple Braeburn_181.jpg,apple,0.511979514
./banana/Banana_300.jpg,banana,0.603999742
./pineapple/Pineapple_86.jpg,pineapple,0.907557279
./avocado/Avocado_29.jpg,avocado,0.732539442
./avocado/Avocado_100.jpg,avocado,0.034899822
./avocado/Avocado_59.jpg,avocado,0.268133002
./strawberry/Strawberry_58.jpg,strawberry,0.936425864
./banana/Banana_18.jpg,banana,0.099293076
./pineapple/Pineapple_20.jpg,pineapple,0.370873725
./strawberry/Strawberry_37.jpg,strawberry,0.571658795
./banana/Banana_105.jpg,banana,0.518067038
./strawberry/Strawberry_193.jpg,strawberry,0.263983788
./avocado/Avocado_267.jpg,avocado,0.288688796
./banana/Banana_144.jpg,banana,0.406044771
./kiwi/Kiwi_235.jpg,kiwi,0.10552197
./pineapple/Pineapple_256.jpg,pineapple,0.996409576
./orange/Orange_219.jpg,orange,0.50224888
./kiwi/Kiwi_10.jpg,kiwi,0.955005901
./orange/Orange_67.jpg,orange,0.975297381
./pineapple/Pineapple_170.jpg,pineapple,0.034224709
./kiwi/Kiwi_204.jpg,kiwi,0.489176553
./avocado/Avocado_75.jpg,avocado,0.490033053
./pineapple/Pineapple_122.jpg,pineapple,0.38773783
./avocado/Avocado_11.jpg,avocado,0.670424237
./orange/Orange_179.jpg,orange,0.766250659
./strawberry/Strawberry_7.jpg,strawberry,0.792063321
./strawberry/Strawberry_136.jpg,strawberry,0.623129363
./apple/Apple Braeburn_53.jpg,apple,0.056937113
./kiwi/Kiwi_176.jpg,kiwi,0.226980008
./avocado/Avocado_0.jpg,avocado,0.579598653
./avocado/Avocado_224.jpg,avocado,0.975961314
./orange/Orange_266.jpg,orange,0.713735784
./strawberry/Strawberry_225.jpg,strawberry,0.181046514
./kiwi/Kiwi_229.jpg,kiwi,0.242550156
./pineapple/Pineapple_130.jpg,pineapple,0.596139895
./kiwi/Kiwi_138.jpg,kiwi,0.065707023
./apple/Apple Braeburn_56.jpg,apple,0.633652752
./kiwi/Kiwi_38.jpg,kiwi,0.729084578
./banana/Banana_165.jpg,banana,0.516241394
./kiwi/Kiwi_193.jpg,kiwi,0.022281318
./pineapple/Pineapple_190.jpg,pineapple,0.883456053
./apple/Apple Braeburn_47.jpg,apple,0.718775454
./apple/Apple Braeburn_263.jpg,apple,0.394398012
./apple/Apple Braeburn_172.jpg,apple,0.821284844
./apple/Apple Braeburn_157.jpg,apple,0.936272705
./banana/Banana_228.jpg,banana,0.533142431
./orange/Orange_137.jpg,orange,0.980121243
./avocado/Avocado_159.jpg,avocado,0.490596067
./pineapple/Pineapple_297.jpg,pineapple,0.096898485
./strawberry/Strawberry_83.jpg,strawberry,0.589986458
./pineapple/Pineapple_126.jpg,pineapple,0.726492947
./strawberry/Strawberry_292.jpg,strawberry,0.252022496
./banana/Banana_158.jpg,banana,0.025131138
./orange/Orange_298.jpg,orange,0.684754593
./pineapple/Pineapple_227.jpg,pineapple,0.474913032
./avocado/Avocado_151.jpg,avocado,0.0135949
./strawberry/Strawberry_293.jpg,strawberry,0.328158923
./banana/Banana_148.jpg,banana,0.052336541
./strawberry/Strawberry_188.jpg,strawberry,0.233043315
./orange/Orange_45.jpg,orange,0.425246959
./banana/Banana_40.jpg,banana,0.435404037
./kiwi/Kiwi_28.jpg,kiwi,0.933944202
./kiwi/Kiwi_234.jpg,kiwi,0.384785139
./apple/Apple Braeburn_33.jpg,apple,0.145799657
./strawberry/Strawberry_62.jpg,strawberry,0.793467704
./banana/Banana_217.jpg,banana,0.880747863
./strawberry/Strawberry_6.jpg,strawberry,0.495553611
./avocado/Avocado_207.jpg,avocado,0.438388617
./pineapple/Pineapple_78.jpg,pineapple,0.451270833
./orange/Orange_122.jpg,orange,0.561651474
./banana/Banana_13.jpg,banana,0.742896569
./avocado/Avocado_135.jpg,avocado,0.0565207
./avocado/Avocado_89.jpg,avocado,0.393969437
./banana/Banana_222.jpg,banana,0.367434772
./banana/Banana_221.jpg,banana,0.863192798
./kiwi/Kiwi_150.jpg,kiwi,0.991510926
./kiwi/Kiwi_218.jpg,kiwi,0.683832854
./strawberry/Strawberry_262.jpg,strawberry,0.122311446
./avocado/Avocado_256.jpg,avocado,0.439318941
./avocado/Avocado_213.jpg,avocado,0.357430805
./orange/Orange_249.jpg,orange,0.963505178
./pineapple/Pineapple_260.jpg,pineapple,0.828080215
./kiwi/Kiwi_72.jpg,kiwi,0.934611963
./banana/Banana_242.jpg,banana,0.930371023
./kiwi/Kiwi_60.jpg,kiwi,0.592493794
./kiwi/Kiwi_84.jpg,kiwi,0.589946055
./avocado/Avocado_10.jpg,avocado,0.055691276
./strawberry/Strawberry_60.jpg,strawberry,0.755293896
./banana/Banana_98.jpg,banana,0.843185692
./avocado/Avocado_223.jpg,avocado,0.800775222
./banana/Banana_27.jpg,banana,0.617860494
./apple/Apple Braeburn_114.jpg,apple,0.823186579
./pineapple/Pineapple_114.jpg,pineapple,0.735965385
./apple/Apple Braeburn_129.jpg,apple,0.381743383
./orange/Orange_114.jpg,orange,0.015075633
./strawberry/Strawberry_278.jpg,strawberry,0.66861702
./strawberry/Strawberry_44.jpg,strawberry,0.787944036
./orange/Orange_68.jpg,orange,0.105725612
./pineapple/Pineapple_174.jpg,pineapple,0.140118372
./kiwi/Kiwi_110.jpg,kiwi,0.688339778
./kiwi/Kiwi_198.jpg,kiwi,0.028000355
./pineapple/Pineapple_199.jpg,pineapple,0.002180432
./avocado/Avocado_1.jpg,avocado,0.68609454
./strawberry/Strawberry_72.jpg,strawberry,0.613147881
./avocado/Avocado_67.jpg,avocado,0.958516983
./avocado/Avocado_211.jpg,avocado,0.489315071
./banana/Banana_251.jpg,banana,0.0512085
./orange/Orange_189.jpg,orange,0.027408247
./pineapple/Pineapple_288.jpg,pineapple,0.66831172
./strawberry/Strawberry_118.jpg,strawberry,0.710046505
./apple/Apple Braeburn_59.jpg,apple,0.890569244
./apple/Apple Braeburn_156.jpg,apple,0.676961485
./banana/Banana_20.jpg,banana,0.053398138
./banana/Banana_267.jpg,banana,0.200635835
./avocado/Avocado_39.jpg,avocado,0.943572091
./strawberry/Strawberry_70.jpg,strawberry,0.517794791
./banana/Banana_253.jpg,banana,0.053042109
./pineapple/Pineapple_88.jpg,pineapple,0.603078681
./orange/Orange_210.jpg,orange,0.597207085
./banana/Banana_35.jpg,banana,0.259823839
./avocado/Avocado_199.jpg,avocado,0.605125634
./avocado/Avocado_286.jpg,avocado,0.960616409
./kiwi/Kiwi_145.jpg,kiwi,0.262381921
./apple/Apple Braeburn_295.jpg,apple,0.513998014
./banana/Banana_138.jpg,banana,0.922739368
./kiwi/Kiwi_14.jpg,kiwi,0.585090214
./orange/Orange_173.jpg,orange,0.119550529
./strawberry/Strawberry_269.jpg,strawberry,0.777749883
./avocado/Avocado_220.jpg,avocado,0.193985162
./banana/Banana_263.jpg,banana,0.095291949
./kiwi/Kiwi_86.jpg,kiwi,0.221489203
./pineapple/Pineapple_137.jpg,pineapple,0.892170941
./avocado/Avocado_109.jpg,avocado,0.846059826
./kiwi/Kiwi_232.jpg,kiwi,0.885603266
./kiwi/Kiwi_295.jpg,kiwi,0.196405572
./pineapple/Pineapple_253.jpg,pineapple,0.338671179
./strawberry/Strawberry_17.jpg,strawberry,0.632140726
./strawberry/Strawberry_45.jpg,strawberry,0.12054344
./banana/Banana_97.jpg,banana,0.869762767
./pineapple/Pineapple_177.jpg,pineapple,0.749306503
./avocado/Avocado_182.jpg,avocado,0.856311719
./apple/Apple Braeburn_90.jpg,apple,0.659732882
./orange/Orange_255.jpg,orange,0.334028226
./banana/Banana_106.jpg,banana,0.345962659
./strawberry/Strawberry_79.jpg,strawberry,0.676147289
./strawberry/Strawberry_280.jpg,strawberry,0.773850039
./orange/Orange_13.jpg,orange,0.686261683
./avocado/Avocado_82.jpg,avocado,0.860168663
./apple/Apple Braeburn_264.jpg,apple,0.357511495
./strawberry/Strawberry_205.jpg,strawberry,0.796859492
./avocado/Avocado_236.jpg,avocado,0.622999496
./apple/Apple Braeburn_29.jpg,apple,0.31471267
./kiwi/Kiwi_19.jpg,kiwi,0.687498131
./banana/Banana_137.jpg,banana,0.85675439
./orange/Orange_71.jpg,orange,0.115156484
./pineapple/Pineapple_286.jpg,pineapple,0.18261438
./orange/Orange_56.jpg,orange,0.88976844
./pineapple/Pineapple_211.jpg,pineapple,0.012813063
./orange/Orange_164.jpg,orange,0.773518915
./strawberry/Strawberry_189.jpg,strawberry,0.357989542
./apple/Apple Braeburn_187.jpg,apple,0.237970814
./strawberry/Strawberry_216.jpg,strawberry,0.902148735
./strawberry/Strawberry_135.jpg,strawberry,0.638973254
./pineapple/Pineapple_262.jpg,pineapple,0.97909601
./kiwi/Kiwi_255.jpg,kiwi,0.047702017
./apple/Apple Braeburn_11.jpg,apple,0.967179198
./orange/Orange_6.jpg,orange,0.470354201
./avocado/Avocado_174.jpg,avocado,0.392733258
./pineapple/Pineapple_141.jpg,pineapple,0.383971354
./kiwi/Kiwi_282.jpg,kiwi,0.805403009
./orange/Orange_233.jpg,orange,0.631413418
./avocado/Avocado_188.jpg,avocado,0.262185639
./orange/Orange_177.jpg,orange,0.617360526
./pineapple/Pineapple_202.jpg,pineapple,0.400606859
./avocado/Avocado_295.jpg,avocado,0.002231274
./pineapple/Pineapple_282.jpg,pineapple,0.190086992
./strawberry/Strawberry_235.jpg,strawberry,0.306127196
./orange/Orange_151.jpg,orange,0.528603006
./strawberry/Strawberry_206.jpg,strawberry,0.178961298
./pineapple/Pineapple_263.jpg,pineapple,0.789273601
./banana/Banana_234.jpg,banana,0.394031572
./kiwi/Kiwi_158.jpg,kiwi,0.170005748
./strawberry/Strawberry_89.jpg,strawberry,0.898604547
./avocado/Avocado_124.jpg,avocado,0.39157802
./pineapple/Pineapple_173.jpg,pineapple,0.844770036
./strawberry/Strawberry_25.jpg,strawberry,0.604556038
./kiwi/Kiwi_99.jpg,kiwi,0.505425672
./avocado/Avocado_22.jpg,avocado,0.13652536
./avocado/Avocado_266.jpg,avocado,0.722381644
./orange/Orange_36.jpg,orange,0.508491392
./orange/Orange_2.jpg,orange,0.585850609
./kiwi/Kiwi_233.jpg,kiwi,0.832849878
./banana/Banana_73.jpg,banana,0.352839569
./kiwi/Kiwi_65.jpg,kiwi,0.122295986
./apple/Apple Braeburn_242.jpg,apple,0.530654884
./kiwi/Kiwi_157.jpg,kiwi,0.218256731
./strawberry/Strawberry_102.jpg,strawberry,0.802629144
./banana/Banana_110.jpg,banana,0.525831999
./orange/Orange_220.jpg,orange,0.60517446
./banana/Banana_202.jpg,banana,0.468533181
./orange/Orange_161.jpg,orange,0.326264661
./pineapple/Pineapple_198.jpg,pineapple,0.86249928
./banana/Banana_117.jpg,banana,0.548940756
./strawberry/Strawberry_29.jpg,strawberry,0.204066001
./kiwi/Kiwi_5.jpg,kiwi,0.199317751
./banana/Banana_115.jpg,banana,0.909177753
./orange/Orange_111.jpg,orange,0.501614193
./avocado/Avocado_44.jpg,avocado,0.075952322
./strawberry/Strawberry_73.jpg,strawberry,0.438984479
./pineapple/Pineapple_208.jpg,pineapple,0.327655587
./orange/Orange_89.jpg,orange,0.594721711
./banana/Banana_218.jpg,banana,0.033191945
./orange/Orange_203.jpg,orange,0.143226256
./orange/Orange_283.jpg,orange,0.369035032
./banana/Banana_276.jpg,banana,0.742534538
./orange/Orange_230.jpg,orange,0.15782916
./pineapple/Pineapple_100.jpg,pineapple,0.269985379
./orange/Orange_113.jpg,orange,0.321369333
./pineapple/Pineapple_281.jpg,pineapple,0.021712355
./avocado/Avocado_272.jpg,avocado,0.537940002
./apple/Apple Braeburn_87.jpg,apple,0.911436453
./banana/Banana_111.jpg,banana,0.585872655
./apple/Apple Braeburn_177.jpg,apple,0.440333044
./apple/Apple Braeburn_165.jpg,apple,0.067166094
./apple/Apple Braeburn_82.jpg,apple,0.94992428
./pineapple/Pineapple_207.jpg,pineapple,0.849274981
./apple/Apple Braeburn_93.jpg,apple,0.122108977
./orange/Orange_188.jpg,orange,0.952351061
./banana/Banana_289.jpg,banana,0.396395165
./apple/Apple Braeburn_218.jpg,apple,0.192138718
./pineapple/Pineapple_123.jpg,pineapple,0.721551334
./avocado/Avocado_195.jpg,avocado,0.49805857
./apple/Apple Braeburn_246.jpg,apple,0.416300962
./avocado/Avocado_93.jpg,avocado,0.125065033
./pineapple/Pineapple_285.jpg,pineapple,0.966469926
./banana/Banana_250.jpg,banana,0.910815803
./strawberry/Strawberry_286.jpg,strawberry,0.209770836
./avocado/Avocado_128.jpg,avocado,0.882754961
./strawberry/Strawberry_143.jpg,strawberry,0.888711388
./strawberry/Strawberry_80.jpg,strawberry,0.350081074
./pineapple/Pineapple_133.jpg,pineapple,0.710150831
./apple/Apple Braeburn_166.jpg,apple,0.86275447
./strawberry/Strawberry_98.jpg,strawberry,0.754806254
./pineapple/Pineapple_287.jpg,pineapple,0.426345385
./orange/Orange_299.jpg,orange,0.790891531
./orange/Orange_265.jpg,orange,0.744306257
./banana/Banana_205.jpg,banana,0.090424931
./avocado/Avocado_145.jpg,avocado,0.311128769
./apple/Apple Braeburn_75.jpg,apple,0.808043322
./pineapple/Pineapple_29.jpg,pineapple,0.631928232
./apple/Apple Braeburn_85.jpg,apple,0.654869541
./apple/Apple Braeburn_183.jpg,apple,0.216741566
./avocado/Avocado_264.jpg,avocado,0.87912024
./banana/Banana_278.jpg,banana,0.271274483
./avocado/Avocado_119.jpg,avocado,0.107311806
./kiwi/Kiwi_196.jpg,kiwi,0.460507195
./strawberry/Strawberry_232.jpg,strawberry,0.34445447
./orange/Orange_268.jpg,orange,0.137626755
./apple/Apple Braeburn_69.jpg,apple,0.168249288
./strawberry/Strawberry_174.jpg,strawberry,0.010610182
./avocado/Avocado_201.jpg,avocado,0.52888709
./apple/Apple Braeburn_38.jpg,apple,0.754784855
./avocado/Avocado_259.jpg,avocado,0.554777017
./kiwi/Kiwi_118.jpg,kiwi,0.834142257
./orange/Orange_256.jpg,orange,0.174987184
./banana/Banana_191.jpg,banana,0.272822233
./banana/Banana_180.jpg,banana,0.608114837
./pineapple/Pineapple_27.jpg,pineapple,0.900200828
./banana/Banana_181.jpg,banana,0.684017859
./orange/Orange_153.jpg,orange,0.052492654
./strawberry/Strawberry_250.jpg,strawberry,0.118543443
./apple/Apple Braeburn_176.jpg,apple,0.053180108
./banana/Banana_6.jpg,banana,0.654334463
./avocado/Avocado_194.jpg,avocado,0.80721399
./avocado/Avocado_263.jpg,avocado,0.365695874
./banana/Banana_224.jpg,banana,0.422532717
./orange/Orange_73.jpg,orange,0.668909535
./orange/Orange_254.jpg,orange,0.193169678
./strawberry/Strawberry_129.jpg,strawberry,0.534655448
./kiwi/Kiwi_119.jpg,kiwi,0.778201893
./orange/Orange_29.jpg,orange,0.023949642
./banana/Banana_19.jpg,banana,0.700560673
./apple/Apple Braeburn_128.jpg,apple,0.733843071
./banana/Banana_201.jpg,banana,0.396264143
./strawberry/Strawberry_273.jpg,strawberry,0.144962362
./banana/Banana_4.jpg,banana,0.083526598
./orange/Orange_286.jpg,orange,0.155582034
./pineapple/Pineapple_14.jpg,pineapple,0.381685087
./avocado/Avocado_96.jpg,avocado,0.88556508
./avocado/Avocado_294.jpg,avocado,0.056197197
./avocado/Avocado_292.jpg,avocado,0.009463574
./avocado/Avocado_57.jpg,avocado,0.748288247
./avocado/Avocado_165.jpg,avocado,0.464847834
./avocado/Avocado_46.jpg,avocado,0.490162509
./pineapple/Pineapple_258.jpg,pineapple,0.84551302
./pineapple/Pineapple_51.jpg,pineapple,0.660311014
./orange/Orange_208.jpg,orange,0.922460322
./apple/Apple Braeburn_63.jpg,apple,0.957779062
./avocado/Avocado_95.jpg,avocado,0.648842102
./orange/Orange_252.jpg,orange,0.232947592
./orange/Orange_261.jpg,orange,0.057488798
./pineapple/Pineapple_275.jpg,pineapple,0.193773948
./avocado/Avocado_203.jpg,avocado,0.501637851
./apple/Apple Braeburn_109.jpg,apple,0.056590403
./avocado/Avocado_164.jpg,avocado,0.723739038
./strawberry/Strawberry_14.jpg,strawberry,0.518647815
./apple/Apple Braeburn_102.jpg,apple,0.115425562
./avocado/Avocado_61.jpg,avocado,0.896164001
./apple/Apple Braeburn_151.jpg,apple,0.326366889
./banana/Banana_197.jpg,banana,0.339710212
./strawberry/Strawberry_126.jpg,strawberry,0.243692445
./strawberry/Strawberry_299.jpg,strawberry,0.697826607
./orange/Orange_200.jpg,orange,0.013613014
./avocado/Avocado_154.jpg,avocado,0.609072862
./kiwi/Kiwi_269.jpg,kiwi,0.970501896
./pineapple/Pineapple_243.jpg,pineapple,0.674266353
./orange/Orange_120.jpg,orange,0.097736273
./apple/Apple Braeburn_58.jpg,apple,0.132476237
./orange/Orange_16.jpg,orange,0.09757947
./avocado/Avocado_49.jpg,avocado,0.708380667
./kiwi/Kiwi_68.jpg,kiwi,0.694186397
./kiwi/Kiwi_161.jpg,kiwi,0.956976675
./pineapple/Pineapple_244.jpg,pineapple,0.518117094
./pineapple/Pineapple_171.jpg,pineapple,0.285159041
./kiwi/Kiwi_197.jpg,kiwi,0.267935166
./orange/Orange_59.jpg,orange,0.367686989
./apple/Apple Braeburn_40.jpg,apple,0.198458158
./apple/Apple Braeburn_162.jpg,apple,0.449716987
./avocado/Avocado_32.jpg,avocado,0.859096414
./orange/Orange_241.jpg,orange,0.159662538
./orange/Orange_185.jpg,orange,0.57339162
./kiwi/Kiwi_41.jpg,kiwi,0.501427383
./pineapple/Pineapple_28.jpg,pineapple,0.315751389
./pineapple/Pineapple_184.jpg,pineapple,0.093173691
./orange/Orange_53.jpg,orange,0.108752606
./orange/Orange_257.jpg,orange,0.661482344
./apple/Apple Braeburn_257.jpg,apple,0.994245401
./orange/Orange_119.jpg,orange,0.247732134
./kiwi/Kiwi_155.jpg,kiwi,0.651554066
./apple/Apple Braeburn_191.jpg,apple,0.803103568
./orange/Orange_41.jpg,orange,0.772074423
./avocado/Avocado_152.jpg,avocado,0.065318098
./pineapple/Pineapple_270.jpg,pineapple,0.968534576
./avocado/Avocado_233.jpg,avocado,0.044791115
./strawberry/Strawberry_283.jpg,strawberry,0.822061928
./orange/Orange_175.jpg,orange,0.571127186
./kiwi/Kiwi_287.jpg,kiwi,0.570644673
./banana/Banana_176.jpg,banana,0.009748797
./pineapple/Pineapple_64.jpg,pineapple,0.539162979
./pineapple/Pineapple_94.jpg,pineapple,0.7132172
./strawberry/Strawberry_91.jpg,strawberry,0.646645801
./pineapple/Pineapple_180.jpg,pineapple,0.411553707
./orange/Orange_264.jpg,orange,0.258055062
./kiwi/Kiwi_265.jpg,kiwi,0.496837004
./banana/Banana_189.jpg,banana,0.613805675
./orange/Orange_282.jpg,orange,0.600476449
./strawberry/Strawberry_94.jpg,strawberry,0.173809504
./pineapple/Pineapple_117.jpg,pineapple,0.936031663
./pineapple/Pineapple_166.jpg,pineapple,0.761887522
./banana/Banana_33.jpg,banana,0.44944193
./kiwi/Kiwi_223.jpg,kiwi,0.921736921
./avocado/Avocado_275.jpg,avocado,0.229640713
./strawberry/Strawberry_31.jpg,strawberry,0.855631438
./apple/Apple Braeburn_32.jpg,apple,0.068696375
./apple/Apple Braeburn_13.jpg,apple,0.868342144
./orange/Orange_250.jpg,orange,0.657635102
./banana/Banana_299.jpg,banana,0.815196727
./apple/Apple Braeburn_160.jpg,apple,0.305134497
./banana/Banana_203.jpg,banana,0.738023989
./avocado/Avocado_8.jpg,avocado,0.616540555
./pineapple/Pineapple_129.jpg,pineapple,0.020290354
./apple/Apple Braeburn_138.jpg,apple,0.534707681
./banana/Banana_30.jpg,banana,0.773880122
./pineapple/Pineapple_200.jpg,pineapple,0.008705612
./avocado/Avocado_241.jpg,avocado,0.373046492
./banana/Banana_261.jpg,banana,0.754381263
./banana/Banana_210.jpg,banana,0.863983299
./kiwi/Kiwi_70.jpg,kiwi,0.566355477
./apple/Apple Braeburn_250.jpg,apple,0.104339977
./apple/Apple Braeburn_118.jpg,apple,0.362778473
./banana/Banana_62.jpg,banana,0.684335258
./apple/Apple Braeburn_289.jpg,apple,0.021373305
./banana/Banana_259.jpg,banana,0.782062435
./strawberry/Strawberry_109.jpg,strawberry,0.186666455
./strawberry/Strawberry_244.jpg,strawberry,0.040353459
./banana/Banana_124.jpg,banana,0.89964392
./orange/Orange_101.jpg,orange,0.010567891
./strawberry/Strawberry_40.jpg,strawberry,0.758999915
./orange/Orange_64.jpg,orange,0.823028253
./orange/Orange_131.jpg,orange,0.781353754
./avocado/Avocado_185.jpg,avocado,0.431155754
./orange/Orange_93.jpg,orange,0.200253565
./kiwi/Kiwi_284.jpg,kiwi,0.212642949
./kiwi/Kiwi_8.jpg,kiwi,0.212846346
./orange/Orange_58.jpg,orange,0.671003671
./apple/Apple Braeburn_15.jpg,apple,0.561312234
./kiwi/Kiwi_34.jpg,kiwi,0.553671428
./avocado/Avocado_240.jpg,avocado,0.874776022
./avocado/Avocado_50.jpg,avocado,0.459070589
./kiwi/Kiwi_17.jpg,kiwi,0.267854281
./apple/Apple Braeburn_14.jpg,apple,0.537600094
./banana/Banana_292.jpg,banana,0.395437739
./strawberry/Strawberry_116.jpg,strawberry,0.20511617
./pineapple/Pineapple_155.jpg,pineapple,0.323895115
./pineapple/Pineapple_153.jpg,pineapple,0.95056675
./pineapple/Pineapple_44.jpg,pineapple,0.933287809
./strawberry/Strawberry_163.jpg,strawberry,0.011960731
./avocado/Avocado_269.jpg,avocado,0.214038094
./orange/Orange_118.jpg,orange,0.433264282
./kiwi/Kiwi_69.jpg,kiwi,0.868209215
./avocado/Avocado_288.jpg,avocado,0.777025994
./strawberry/Strawberry_267.jpg,strawberry,0.648464211
./orange/Orange_123.jpg,orange,0.602397514
./kiwi/Kiwi_278.jpg,kiwi,0.053474418
./pineapple/Pineapple_237.jpg,pineapple,0.850722548
./kiwi/Kiwi_85.jpg,kiwi,0.978154425
./apple/Apple Braeburn_119.jpg,apple,0.67271508
./banana/Banana_120.jpg,banana,0.365036002
./orange/Orange_42.jpg,orange,0.490560662
./banana/Banana_43.jpg,banana,0.39818769
./apple/Apple Braeburn_112.jpg,apple,0.132819221
./pineapple/Pineapple_59.jpg,pineapple,0.078848815
./apple/Apple Braeburn_230.jpg,apple,0.257940138
./pineapple/Pineapple_53.jpg,pineapple,0.151243864
./strawberry/Strawberry_203.jpg,strawberry,0.717953836
./avocado/Avocado_210.jpg,avocado,0.432723063
./strawberry/Strawberry_15.jpg,strawberry,0.0990131
./orange/Orange_4.jpg,orange,0.676443961
./avocado/Avocado_126.jpg,avocado,0.201318046
./avocado/Avocado_7.jpg,avocado,0.662365844
./strawberry/Strawberry_192.jpg,strawberry,0.416560316
./kiwi/Kiwi_134.jpg,kiwi,0.80707124
./avocado/Avocado_156.jpg,avocado,0.47540443
./avocado/Avocado_116.jpg,avocado,0.943133402
./banana/Banana_25.jpg,banana,0.721585064
./strawberry/Strawberry_110.jpg,strawberry,0.916676671
./apple/Apple Braeburn_270.jpg,apple,0.49171104
./banana/Banana_37.jpg,banana,0.928760708
./strawberry/Strawberry_185.jpg,strawberry,0.572074122
./strawberry/Strawberry_55.jpg,strawberry,0.43779378
./strawberry/Strawberry_233.jpg,strawberry,0.903597794
./strawberry/Strawberry_5.jpg,strawberry,0.827304482
./pineapple/Pineapple_15.jpg,pineapple,0.195464919
./strawberry/Strawberry_96.jpg,strawberry,0.51943572
./orange/Orange_272.jpg,orange,0.509493944
./banana/Banana_122.jpg,banana,0.357220563
./kiwi/Kiwi_113.jpg,kiwi,0.046287696
./apple/Apple Braeburn_212.jpg,apple,0.478357189
./strawberry/Strawberry_133.jpg,strawberry,0.731632099
./kiwi/Kiwi_104.jpg,kiwi,0.733229757
./kiwi/Kiwi_211.jpg,kiwi,0.085506487
./banana/Banana_17.jpg,banana,0.995335827
./avocado/Avocado_254.jpg,avocado,0.901699913
./apple/Apple Braeburn_182.jpg,apple,0.860831897
./apple/Apple Braeburn_64.jpg,apple,0.75158568
./avocado/Avocado_139.jpg,avocado,0.038333516
./banana/Banana_237.jpg,banana,0.316869758
./apple/Apple Braeburn_9.jpg,apple,0.789805923
./orange/Orange_276.jpg,orange,0.388649144
./apple/Apple Braeburn_67.jpg,apple,0.445787678
./avocado/Avocado_183.jpg,avocado,0.162633352
./avocado/Avocado_193.jpg,avocado,0.014983332
./orange/Orange_291.jpg,orange,0.687919931
./apple/Apple Braeburn_229.jpg,apple,0.039473396
./apple/Apple Braeburn_45.jpg,apple,0.602939729
./strawberry/Strawberry_75.jpg,strawberry,0.629182155
./pineapple/Pineapple_152.jpg,pineapple,0.072972799
./orange/Orange_32.jpg,orange,0.183106582
./strawberry/Strawberry_141.jpg,strawberry,0.980545388
./apple/Apple Braeburn_154.jpg,apple,0.51775952
./apple/Apple Braeburn_70.jpg,apple,0.974526801
./avocado/Avocado_255.jpg,avocado,0.954579279
./kiwi/Kiwi_51.jpg,kiwi,0.580415748
./kiwi/Kiwi_275.jpg,kiwi,0.727652663
./kiwi/Kiwi_123.jpg,kiwi,0.441598395
./orange/Orange_3.jpg,orange,0.530282125
./avocado/Avocado_204.jpg,avocado,0.406718394
./orange/Orange_52.jpg,orange,0.742193072
./avocado/Avocado_125.jpg,avocado,0.137270168
./pineapple/Pineapple_145.jpg,pineapple,0.041431321
./kiwi/Kiwi_260.jpg,kiwi,0.926608189
./banana/Banana_75.jpg,banana,0.593254602
./avocado/Avocado_260.jpg,avocado,0.373877327
./pineapple/Pineapple_271.jpg,pineapple,0.209821097
./orange/Orange_162.jpg,orange,0.4889032
./strawberry/Strawberry_52.jpg,strawberry,0.239783564
./apple/Apple Braeburn_73.jpg,apple,0.081768825
./avocado/Avocado_53.jpg,avocado,0.579414793
./banana/Banana_85.jpg,banana,0.956782857
./strawberry/Strawberry_34.jpg,strawberry,0.964159317
./strawberry/Strawberry_199.jpg,strawberry,0.555922691
./apple/Apple Braeburn_208.jpg,apple,0.291783896
./banana/Banana_56.jpg,banana,0.775939303
./orange/Orange_121.jpg,orange,0.191730985
./strawberry/Strawberry_161.jpg,strawberry,0.832464561
./kiwi/Kiwi_202.jpg,kiwi,0.551378602
./kiwi/Kiwi_57.jpg,kiwi,0.708305015
./strawberry/Strawberry_226.jpg,strawberry,0.033525266
./banana/Banana_227.jpg,banana,0.580451828
./banana/Banana_269.jpg,banana,0.945683847
./kiwi/Kiwi_63.jpg,kiwi,0.728563916
./pineapple/Pineapple_148.jpg,pineapple,0.455271388
./avocado/Avocado_239.jpg,avocado,0.662272302
./avocado/Avocado_43.jpg,avocado,0.446827121
./strawberry/Strawberry_204.jpg,strawberry,0.075858448
./orange/Orange_35.jpg,orange,0.91179364
./orange/Orange_81.jpg,orange,0.22756424
./kiwi/Kiwi_298.jpg,kiwi,0.30360519
./banana/Banana_199.jpg,banana,0.289013838
./strawberry/Strawberry_202.jpg,strawberry,0.984488999
./banana/Banana_31.jpg,banana,0.472306573
./avocado/Avocado_291.jpg,avocado,0.928470019
./strawberry/Strawberry_71.jpg,strawberry,0.650564517
./orange/Orange_183.jpg,orange,0.718658282
./banana/Banana_143.jpg,banana,0.447146672
./pineapple/Pineapple_189.jpg,pineapple,0.024897092
./orange/Orange_231.jpg,orange,0.400493018
./kiwi/Kiwi_281.jpg,kiwi,0.203775729
./pineapple/Pineapple_168.jpg,pineapple,0.354225451
./orange/Orange_281.jpg,orange,0.346476934
./orange/Orange_92.jpg,orange,0.428931037
./pineapple/Pineapple_284.jpg,pineapple,0.637677689
./banana/Banana_163.jpg,banana,0.262162413
./banana/Banana_174.jpg,banana,0.384486852
./kiwi/Kiwi_248.jpg,kiwi,0.259547706
./strawberry/Strawberry_92.jpg,strawberry,0.841483981
./avocado/Avocado_98.jpg,avocado,0.573349572
./strawberry/Strawberry_253.jpg,strawberry,0.568132959
./apple/Apple Braeburn_192.jpg,apple,0.10723828
./strawberry/Strawberry_223.jpg,strawberry,0.613292505
./apple/Apple Braeburn_298.jpg,apple,0.185166196
./kiwi/Kiwi_164.jpg,kiwi,0.015439872
./orange/Orange_196.jpg,orange,0.114307094
./orange/Orange_158.jpg,orange,0.962291495
./orange/Orange_159.jpg,orange,0.754118678
./orange/Orange_20.jpg,orange,0.845363922
./kiwi/Kiwi_200.jpg,kiwi,0.6392207
./strawberry/Strawberry_201.jpg,strawberry,0.582679478
./pineapple/Pineapple_76.jpg,pineapple,0.898573348
./avocado/Avocado_60.jpg,avocado,0.244037967
./orange/Orange_140.jpg,orange,0.388466719
./banana/Banana_44.jpg,banana,0.994455338
./avocado/Avocado_105.jpg,avocado,0.330914931
./avocado/Avocado_106.jpg,avocado,0.579784273
./strawberry/Strawberry_4.jpg,strawberry,0.164964783
./strawberry/Strawberry_9.jpg,strawberry,0.228498187
./kiwi/Kiwi_153.jpg,kiwi,0.550546867
./orange/Orange_86.jpg,orange,0.299562801
./banana/Banana_235.jpg,banana,0.553749591
./banana/Banana_5.jpg,banana,0.947887805
./kiwi/Kiwi_216.jpg,kiwi,0.704725062
./strawberry/Strawberry_214.jpg,strawberry,0.699973676
./pineapple/Pineapple_13.jpg,pineapple,0.365503601
./pineapple/Pineapple_298.jpg,pineapple,0.97708301
./pineapple/Pineapple_264.jpg,pineapple,0.269624665
./avocado/Avocado_18.jpg,avocado,0.124918704
./banana/Banana_107.jpg,banana,0.861273101
./strawberry/Strawberry_111.jpg,strawberry,0.745495056
./avocado/Avocado_293.jpg,avocado,0.819494212
./kiwi/Kiwi_12.jpg,kiwi,0.075931424
./orange/Orange_270.jpg,orange,0.761948699
./strawberry/Strawberry_54.jpg,strawberry,0.387353267
./banana/Banana_209.jpg,banana,0.973962723
./avocado/Avocado_169.jpg,avocado,0.249049014
./apple/Apple Braeburn_34.jpg,apple,0.073708038
./orange/Orange_152.jpg,orange,0.812035709
./orange/Orange_192.jpg,orange,0.776422306
./kiwi/Kiwi_31.jpg,kiwi,0.800510185
./banana/Banana_1.jpg,banana,0.228395554
./apple/Apple Braeburn_66.jpg,apple,0.62160728
./strawberry/Strawberry_181.jpg,strawberry,0.065571325
./apple/Apple Braeburn_271.jpg,apple,0.395872726
./apple/Apple Braeburn_86.jpg,apple,0.944431546
./orange/Orange_57.jpg,orange,0.807767766
./orange/Orange_165.jpg,orange,0.089801341
./banana/Banana_256.jpg,banana,0.877356924
./avocado/Avocado_88.jpg,avocado,0.250580335
./orange/Orange_135.jpg,orange,0.611191212
./banana/Banana_206.jpg,banana,0.711134867
./strawberry/Strawberry_140.jpg,strawberry,0.661393786
./strawberry/Strawberry_207.jpg,strawberry,0.103651447
./banana/Banana_128.jpg,banana,0.684911077
./apple/Apple Braeburn_184.jpg,apple,0.481957575
./apple/Apple Braeburn_61.jpg,apple,0.815367373
./kiwi/Kiwi_61.jpg,kiwi,0.818406556
./strawberry/Strawberry_234.jpg,strawberry,0.568037109
./orange/Orange_180.jpg,orange,0.799300513
./pineapple/Pineapple_107.jpg,pineapple,0.790445862
./banana/Banana_15.jpg,banana,0.41785738
./apple/Apple Braeburn_42.jpg,apple,0.119148072
./orange/Orange_128.jpg,orange,0.67667334
./orange/Orange_136.jpg,orange,0.355253652
./orange/Orange_222.jpg,orange,0.728580857
./apple/Apple Braeburn_115.jpg,apple,0.06837153
./banana/Banana_172.jpg,banana,0.941845375
./apple/Apple Braeburn_28.jpg,apple,0.629337727
./kiwi/Kiwi_292.jpg,kiwi,0.965785458
./banana/Banana_102.jpg,banana,0.928763354
./apple/Apple Braeburn_252.jpg,apple,0.26526316
./orange/Orange_30.jpg,orange,0.701322308
./banana/Banana_63.jpg,banana,0.586454202
./pineapple/Pineapple_32.jpg,pineapple,0.57760303
./apple/Apple Braeburn_291.jpg,apple,0.814823171
./strawberry/Strawberry_194.jpg,strawberry,0.239544147
./orange/Orange_94.jpg,orange,0.145496962
./orange/Orange_237.jpg,orange,0.607849565
./apple/Apple Braeburn_159.jpg,apple,0.625810823
./strawberry/Strawberry_132.jpg,strawberry,0.419724596
./pineapple/Pineapple_164.jpg,pineapple,0.742015621
./strawberry/Strawberry_86.jpg,strawberry,0.253441363
./pineapple/Pineapple_169.jpg,pineapple,0.427066835
./pineapple/Pineapple_238.jpg,pineapple,0.566927551
./orange/Orange_224.jpg,orange,0.738728961
./pineapple/Pineapple_108.jpg,pineapple,0.784446693
./pineapple/Pineapple_266.jpg,pineapple,0.596438754
./strawberry/Strawberry_85.jpg,strawberry,0.564066135
./kiwi/Kiwi_168.jpg,kiwi,0.85767926
./avocado/Avocado_178.jpg,avocado,0.276156837
./strawberry/Strawberry_16.jpg,strawberry,0.561016974
./banana/Banana_9.jpg,banana,0.664332962
./apple/Apple Braeburn_209.jpg,apple,0.323723749
./kiwi/Kiwi_270.jpg,kiwi,0.844823949
./pineapple/Pineapple_294.jpg,pineapple,0.949849102
./apple/Apple Braeburn_195.jpg,apple,0.072561497
./orange/Orange_26.jpg,orange,0.808211702
./strawberry/Strawberry_246.jpg,strawberry,0.245555728
./strawberry/Strawberry_68.jpg,strawberry,0.580822701
./avocado/Avocado_217.jpg,avocado,0.417097822
./orange/Orange_285.jpg,orange,0.215069545
./apple/Apple Braeburn_137.jpg,apple,0.353878584
./apple/Apple Braeburn_131.jpg,apple,0.279569635
./banana/Banana_57.jpg,banana,0.635726126
./strawberry/Strawberry_170.jpg,strawberry,0.412961012
./pineapple/Pineapple_188.jpg,pineapple,0.589047746
./pineapple/Pineapple_293.jpg,pineapple,0.24882806
./avocado/Avocado_297.jpg,avocado,0.43392769
./orange/Orange_37.jpg,orange,0.277716496
./avocado/Avocado_101.jpg,avocado,0.068787117
./orange/Orange_199.jpg,orange,0.862028052
./avocado/Avocado_146.jpg,avocado,0.292440795
./orange/Orange_155.jpg,orange,0.173069534
./banana/Banana_185.jpg,banana,0.853379281
./orange/Orange_109.jpg,orange,0.15810417
./kiwi/Kiwi_92.jpg,kiwi,0.990548735
./banana/Banana_78.jpg,banana,0.059385713
./apple/Apple Braeburn_203.jpg,apple,0.369159413
./kiwi/Kiwi_91.jpg,kiwi,0.101313848
./kiwi/Kiwi_122.jpg,kiwi,0.939831677
./pineapple/Pineapple_48.jpg,pineapple,0.319940336
./orange/Orange_31.jpg,orange,0.882738651
./banana/Banana_232.jpg,banana,0.643534823
./apple/Apple Braeburn_136.jpg,apple,0.64470979
./banana/Banana_112.jpg,banana,0.594055151
./avocado/Avocado_56.jpg,avocado,0.961940868
./strawberry/Strawberry_153.jpg,strawberry,0.692715664
./orange/Orange_43.jpg,orange,0.546473978
./kiwi/Kiwi_221.jpg,kiwi,0.62148964
./banana/Banana_260.jpg,banana,0.274231124
./orange/Orange_167.jpg,orange,0.227336138
./avocado/Avocado_51.jpg,avocado,0.628520052
./kiwi/Kiwi_203.jpg,kiwi,0.878022362
./kiwi/Kiwi_74.jpg,kiwi,0.004901349
./banana/Banana_10.jpg,banana,0.75080841
./avocado/Avocado_144.jpg,avocado,0.012932973
./kiwi/Kiwi_220.jpg,kiwi,0.247776352
./avocado/Avocado_232.jpg,avocado,0.713800106
./strawberry/Strawberry_215.jpg,strawberry,0.058462614
./orange/Orange_126.jpg,orange,0.061909121
./banana/Banana_114.jpg,banana,0.374337719
./strawberry/Strawberry_97.jpg,strawberry,0.370016509
